scenario_id,timestamp_min,image_path,surface_temperature_mean,surface_temperature_max,hotspot_area,hotspot_x,hotspot_y,hotspot_present
S01,0,data/thermal/S01/t000.png,29.99,31.32,0,,,0
S01,1,data/thermal/S01/t001.png,30.01,31.44,0,,,0
S01,2,data/thermal/S01/t002.png,30.01,31.58,0,,,0
S01,3,data/thermal/S01/t003.png,29.99,31.26,0,,,0
S01,4,data/thermal/S01/t004.png,30.0,31.38,0,,,0
S01,5,data/thermal/S01/t005.png,30.01,31.51,0,,,0
S01,6,data/thermal/S01/t006.png,30.0,31.39,0,,,0
S01,7,data/thermal/S01/t007.png,30.02,31.58,0,,,0
S01,8,data/thermal/S01/t008.png,30.0,31.47,0,,,0
S01,9,data/thermal/S01/t009.png,30.0,31.64,0,,,0
S01,10,MISSING,30.0,31.5,0,,,0
S01,11,data/thermal/S01/t011.png,30.01,31.41,0,,,0
S01,12,data/thermal/S01/t012.png,29.99,31.25,0,,,0
S01,13,data/thermal/S01/t013.png,29.99,31.23,0,,,0
S01,14,data/thermal/S01/t014.png,30.01,31.6,0,,,0
S01,15,data/thermal/S01/t015.png,30.01,31.34,0,,,0
S01,16,data/thermal/S01/t016.png,29.99,31.3,0,,,0
S01,17,data/thermal/S01/t017.png,30.01,31.47,0,,,0
S01,18,data/thermal/S01/t018.png,30.01,31.41,0,,,0
S01,19,data/thermal/S01/t019.png,30.01,31.33,0,,,0
S01,20,data/thermal/S01/t020.png,30.02,31.41,0,,,0
S01,21,data/thermal/S01/t021.png,30.0,31.44,0,,,0
S01,22,data/thermal/S01/t022.png,30.01,31.55,0,,,0
S01,23,data/thermal/S01/t023.png,29.99,31.38,0,,,0
S01,24,data/thermal/S01/t024.png,30.02,31.49,0,,,0
S01,25,data/thermal/S01/t025.png,30.0,31.39,0,,,0
S01,26,data/thermal/S01/t026.png,30.01,31.44,0,,,0
S01,27,data/thermal/S01/t027.png,30.01,31.43,0,,,0
S01,28,data/thermal/S01/t028.png,30.01,31.36,0,,,0
S01,29,data/thermal/S01/t029.png,30.02,31.69,0,,,0
S01,30,data/thermal/S01/t030.png,30.02,31.48,0,,,0
S01,31,data/thermal/S01/t031.png,30.01,31.66,0,,,0
S01,32,data/thermal/S01/t032.png,30.01,31.42,0,,,0
S01,33,data/thermal/S01/t033.png,30.0,31.53,0,,,0
S01,34,data/thermal/S01/t034.png,30.0,31.29,0,,,0
S01,35,data/thermal/S01/t035.png,30.0,31.37,0,,,0
S01,36,data/thermal/S01/t036.png,30.0,31.23,0,,,0
S01,37,data/thermal/S01/t037.png,29.99,31.41,0,,,0
S01,38,data/thermal/S01/t038.png,30.01,31.47,0,,,0
S01,39,data/thermal/S01/t039.png,29.99,31.26,0,,,0
S01,40,data/thermal/S01/t040.png,30.02,31.34,0,,,0
S01,41,data/thermal/S01/t041.png,30.0,31.2,0,,,0
S01,42,data/thermal/S01/t042.png,30.0,31.42,0,,,0
S01,43,data/thermal/S01/t043.png,30.01,31.59,0,,,0
S01,44,data/thermal/S01/t044.png,30.0,31.38,0,,,0
S01,45,data/thermal/S01/t045.png,29.99,31.49,0,,,0
S01,46,data/thermal/S01/t046.png,30.0,31.45,0,,,0
S01,47,data/thermal/S01/t047.png,29.99,31.23,0,,,0
S01,48,data/thermal/S01/t048.png,30.0,31.6,0,,,0
S01,49,data/thermal/S01/t049.png,29.99,31.36,0,,,0
S01,50,data/thermal/S01/t050.png,30.02,31.3,0,,,0
S01,51,data/thermal/S01/t051.png,30.0,31.22,0,,,0
S01,52,data/thermal/S01/t052.png,29.99,31.42,0,,,0
S01,53,data/thermal/S01/t053.png,30.0,31.62,0,,,0
S01,54,data/thermal/S01/t054.png,29.99,31.6,0,,,0
S01,55,data/thermal/S01/t055.png,29.98,31.3,0,,,0
S01,56,data/thermal/S01/t056.png,30.0,31.3,0,,,0
S01,57,data/thermal/S01/t057.png,30.01,31.73,0,,,0
S01,58,data/thermal/S01/t058.png,30.0,31.55,0,,,0
S01,59,data/thermal/S01/t059.png,30.01,31.4,0,,,0
S01,60,data/thermal/S01/t060.png,29.99,31.38,0,,,0
S01,61,data/thermal/S01/t061.png,30.01,31.47,0,,,0
S01,62,data/thermal/S01/t062.png,30.01,31.13,0,,,0
S01,63,data/thermal/S01/t063.png,30.0,31.31,0,,,0
S01,64,data/thermal/S01/t064.png,30.0,31.34,0,,,0
S01,65,data/thermal/S01/t065.png,30.0,31.23,0,,,0
S01,66,data/thermal/S01/t066.png,30.0,31.31,0,,,0
S01,67,data/thermal/S01/t067.png,30.0,31.22,0,,,0
S01,68,data/thermal/S01/t068.png,30.0,31.53,0,,,0
S01,69,data/thermal/S01/t069.png,30.02,31.55,0,,,0
S01,70,data/thermal/S01/t070.png,30.0,31.31,0,,,0
S01,71,data/thermal/S01/t071.png,30.02,31.7,0,,,0
S01,72,data/thermal/S01/t072.png,30.0,31.33,0,,,0
S01,73,data/thermal/S01/t073.png,30.0,31.28,0,,,0
S01,74,data/thermal/S01/t074.png,29.99,31.28,0,,,0
S01,75,data/thermal/S01/t075.png,29.99,31.37,0,,,0
S01,76,data/thermal/S01/t076.png,30.0,31.69,0,,,0
S01,77,data/thermal/S01/t077.png,30.0,31.38,0,,,0
S01,78,data/thermal/S01/t078.png,30.0,31.32,0,,,0
S01,79,data/thermal/S01/t079.png,30.0,31.39,0,,,0
S01,80,data/thermal/S01/t080.png,29.98,31.47,0,,,0
S01,81,data/thermal/S01/t081.png,29.99,31.35,0,,,0
S01,82,data/thermal/S01/t082.png,30.0,31.56,0,,,0
S01,83,data/thermal/S01/t083.png,29.99,31.6,0,,,0
S01,84,data/thermal/S01/t084.png,29.99,31.46,0,,,0
S01,85,data/thermal/S01/t085.png,30.01,31.5,0,,,0
S01,86,data/thermal/S01/t086.png,30.01,31.37,0,,,0
S01,87,data/thermal/S01/t087.png,30.01,31.52,0,,,0
S01,88,MISSING,30.0,31.22,0,,,0
S01,89,data/thermal/S01/t089.png,30.01,31.36,0,,,0
S01,90,data/thermal/S01/t090.png,29.99,31.26,0,,,0
S01,91,data/thermal/S01/t091.png,30.0,31.3,0,,,0
S01,92,data/thermal/S01/t092.png,30.0,31.51,0,,,0
S01,93,data/thermal/S01/t093.png,29.99,31.19,0,,,0
S01,94,data/thermal/S01/t094.png,30.01,31.38,0,,,0
S01,95,data/thermal/S01/t095.png,30.01,31.33,0,,,0
S01,96,data/thermal/S01/t096.png,29.99,31.26,0,,,0
S01,97,data/thermal/S01/t097.png,29.99,31.3,0,,,0
S01,98,data/thermal/S01/t098.png,30.0,31.31,0,,,0
S01,99,data/thermal/S01/t099.png,30.0,31.27,0,,,0
S01,100,data/thermal/S01/t100.png,30.0,31.57,0,,,0
S01,101,data/thermal/S01/t101.png,30.0,31.61,0,,,0
S01,102,data/thermal/S01/t102.png,30.0,31.38,0,,,0
S01,103,data/thermal/S01/t103.png,30.0,31.46,0,,,0
S01,104,data/thermal/S01/t104.png,30.0,31.43,0,,,0
S01,105,data/thermal/S01/t105.png,30.02,31.55,0,,,0
S01,106,data/thermal/S01/t106.png,30.01,31.62,0,,,0
S01,107,data/thermal/S01/t107.png,30.02,31.52,0,,,0
S01,108,data/thermal/S01/t108.png,30.0,31.29,0,,,0
S01,109,data/thermal/S01/t109.png,30.0,31.3,0,,,0
S01,110,data/thermal/S01/t110.png,30.01,31.28,0,,,0
S01,111,data/thermal/S01/t111.png,30.02,31.73,0,,,0
S01,112,data/thermal/S01/t112.png,30.0,31.38,0,,,0
S01,113,data/thermal/S01/t113.png,29.98,31.28,0,,,0
S01,114,data/thermal/S01/t114.png,29.99,31.57,0,,,0
S01,115,data/thermal/S01/t115.png,30.0,31.4,0,,,0
S01,116,data/thermal/S01/t116.png,30.02,31.27,0,,,0
S01,117,data/thermal/S01/t117.png,30.0,31.44,0,,,0
S01,118,data/thermal/S01/t118.png,30.01,31.44,0,,,0
S01,119,data/thermal/S01/t119.png,30.0,31.27,0,,,0
S01,120,data/thermal/S01/t120.png,30.0,31.61,0,,,0
S02,0,data/thermal/S02/t000.png,30.0,31.41,0,,,0
S02,1,data/thermal/S02/t001.png,30.02,31.58,0,,,0
S02,2,data/thermal/S02/t002.png,30.0,31.52,0,,,0
S02,3,data/thermal/S02/t003.png,30.01,31.26,0,,,0
S02,4,data/thermal/S02/t004.png,30.0,31.53,0,,,0
S02,5,data/thermal/S02/t005.png,30.03,31.39,0,,,0
S02,6,data/thermal/S02/t006.png,29.98,31.25,0,,,0
S02,7,data/thermal/S02/t007.png,30.0,31.3,0,,,0
S02,8,data/thermal/S02/t008.png,30.02,31.3,0,,,0
S02,9,data/thermal/S02/t009.png,30.01,31.26,0,,,0
S02,10,data/thermal/S02/t010.png,30.0,31.66,0,,,0
S02,11,data/thermal/S02/t011.png,30.01,31.29,0,,,0
S02,12,data/thermal/S02/t012.png,30.0,31.72,0,,,0
S02,13,data/thermal/S02/t013.png,30.0,31.46,0,,,0
S02,14,data/thermal/S02/t014.png,30.0,31.46,0,,,0
S02,15,data/thermal/S02/t015.png,30.01,31.26,0,,,0
S02,16,data/thermal/S02/t016.png,30.01,31.5,0,,,0
S02,17,data/thermal/S02/t017.png,30.01,31.63,0,,,0
S02,18,data/thermal/S02/t018.png,30.0,31.39,0,,,0
S02,19,data/thermal/S02/t019.png,30.01,31.31,0,,,0
S02,20,data/thermal/S02/t020.png,30.02,31.32,0,,,0
S02,21,data/thermal/S02/t021.png,30.01,31.4,0,,,0
S02,22,data/thermal/S02/t022.png,30.0,31.34,0,,,0
S02,23,data/thermal/S02/t023.png,30.01,31.48,0,,,0
S02,24,data/thermal/S02/t024.png,30.0,31.26,0,,,0
S02,25,data/thermal/S02/t025.png,30.01,31.67,0,,,0
S02,26,data/thermal/S02/t026.png,30.02,31.34,0,,,0
S02,27,data/thermal/S02/t027.png,30.03,31.44,0,,,0
S02,28,data/thermal/S02/t028.png,30.01,31.58,0,,,0
S02,29,data/thermal/S02/t029.png,30.0,31.27,0,,,0
S02,30,data/thermal/S02/t030.png,30.02,31.38,0,,,0
S02,31,data/thermal/S02/t031.png,30.01,31.26,0,,,0
S02,32,data/thermal/S02/t032.png,30.02,31.36,0,,,0
S02,33,data/thermal/S02/t033.png,30.02,31.22,0,,,0
S02,34,data/thermal/S02/t034.png,30.0,31.37,0,,,0
S02,35,data/thermal/S02/t035.png,30.01,31.44,0,,,0
S02,36,data/thermal/S02/t036.png,30.01,31.44,0,,,0
S02,37,data/thermal/S02/t037.png,30.0,31.28,0,,,0
S02,38,data/thermal/S02/t038.png,30.03,31.55,0,,,0
S02,39,data/thermal/S02/t039.png,30.02,31.32,0,,,0
S02,40,data/thermal/S02/t040.png,30.01,31.5,0,,,0
S02,41,data/thermal/S02/t041.png,30.01,31.48,0,,,0
S02,42,data/thermal/S02/t042.png,30.03,31.77,0,,,0
S02,43,data/thermal/S02/t043.png,30.02,31.66,0,,,0
S02,44,data/thermal/S02/t044.png,30.02,31.3,0,,,0
S02,45,data/thermal/S02/t045.png,30.04,31.52,0,,,0
S02,46,data/thermal/S02/t046.png,30.02,31.42,0,,,0
S02,47,data/thermal/S02/t047.png,30.04,31.5,0,,,0
S02,48,data/thermal/S02/t048.png,30.01,31.68,0,,,0
S02,49,data/thermal/S02/t049.png,30.04,31.72,0,,,0
S02,50,data/thermal/S02/t050.png,30.04,31.56,0,,,0
S02,51,data/thermal/S02/t051.png,30.04,31.5,0,,,0
S02,52,data/thermal/S02/t052.png,30.06,31.49,0,,,0
S02,53,data/thermal/S02/t053.png,30.03,31.6,0,,,0
S02,54,data/thermal/S02/t054.png,30.03,31.65,0,,,0
S02,55,data/thermal/S02/t055.png,30.05,31.41,0,,,0
S02,56,MISSING,30.04,31.59,0,,,0
S02,57,data/thermal/S02/t057.png,30.06,31.92,0,,,0
S02,58,data/thermal/S02/t058.png,30.07,31.7,0,,,0
S02,59,data/thermal/S02/t059.png,30.06,31.69,0,,,0
S02,60,data/thermal/S02/t060.png,30.06,31.82,0,,,0
S02,61,data/thermal/S02/t061.png,30.05,31.94,0,,,0
S02,62,data/thermal/S02/t062.png,30.06,32.01,1,22.0,25.0,1
S02,63,data/thermal/S02/t063.png,30.07,31.83,0,,,0
S02,64,data/thermal/S02/t064.png,30.06,31.77,0,,,0
S02,65,data/thermal/S02/t065.png,30.08,31.89,0,,,0
S02,66,data/thermal/S02/t066.png,30.06,32.12,2,25.5,26.5,1
S02,67,data/thermal/S02/t067.png,30.07,31.92,0,,,0
S02,68,data/thermal/S02/t068.png,30.08,32.24,1,24.0,26.0,1
S02,69,data/thermal/S02/t069.png,30.08,32.13,2,23.0,24.5,1
S02,70,data/thermal/S02/t070.png,30.07,32.47,4,23.75,26.75,1
S02,71,data/thermal/S02/t071.png,30.08,32.55,2,25.0,26.5,1
S02,72,data/thermal/S02/t072.png,30.09,32.2,6,24.17,26.0,1
S02,73,data/thermal/S02/t073.png,30.09,32.29,7,23.71,27.0,1
S02,74,data/thermal/S02/t074.png,30.1,32.93,9,24.67,26.22,1
S02,75,data/thermal/S02/t075.png,30.11,32.79,7,23.57,26.0,1
S02,76,data/thermal/S02/t076.png,30.09,32.55,11,23.55,26.73,1
S02,77,data/thermal/S02/t077.png,30.11,32.82,15,24.2,26.33,1
S02,78,data/thermal/S02/t078.png,30.13,33.19,17,23.24,25.59,1
S02,79,data/thermal/S02/t079.png,30.11,32.84,19,24.26,26.05,1
S02,80,data/thermal/S02/t080.png,30.12,33.06,19,23.84,27.05,1
S02,81,data/thermal/S02/t081.png,30.11,32.99,23,23.87,25.17,1
S02,82,data/thermal/S02/t082.png,30.12,33.0,30,23.83,25.63,1
S02,83,data/thermal/S02/t083.png,30.13,33.13,27,24.56,25.89,1
S02,84,data/thermal/S02/t084.png,30.14,33.66,43,24.12,26.35,1
S02,85,data/thermal/S02/t085.png,30.13,32.85,39,23.87,25.74,1
S02,86,data/thermal/S02/t086.png,30.16,33.27,43,24.07,25.84,1
S02,87,data/thermal/S02/t087.png,30.16,34.03,58,24.21,25.93,1
S02,88,data/thermal/S02/t088.png,30.16,33.45,51,24.16,26.14,1
S02,89,data/thermal/S02/t089.png,30.17,34.02,60,23.73,26.12,1
S02,90,data/thermal/S02/t090.png,30.18,33.76,66,24.21,26.41,1
S02,91,data/thermal/S02/t091.png,30.18,33.82,60,23.92,26.05,1
S02,92,data/thermal/S02/t092.png,30.18,33.95,78,23.55,26.31,1
S02,93,data/thermal/S02/t093.png,30.19,33.9,75,23.97,25.59,1
S02,94,data/thermal/S02/t094.png,30.2,33.75,81,24.22,26.07,1
S02,95,data/thermal/S02/t095.png,30.22,34.03,97,23.88,26.2,1
S02,96,data/thermal/S02/t096.png,30.21,34.06,104,24.02,26.03,1
S02,97,data/thermal/S02/t097.png,30.25,34.47,109,23.78,26.32,1
S02,98,data/thermal/S02/t098.png,30.25,35.25,112,23.89,25.86,1
S02,99,data/thermal/S02/t099.png,30.24,34.96,112,23.76,26.1,1
S02,100,data/thermal/S02/t100.png,30.28,34.72,135,24.17,26.02,1
S02,101,data/thermal/S02/t101.png,30.27,35.05,131,24.05,25.8,1
S02,102,data/thermal/S02/t102.png,30.3,35.52,142,23.85,25.89,1
S02,103,data/thermal/S02/t103.png,30.32,35.59,156,23.87,26.15,1
S02,104,data/thermal/S02/t104.png,30.35,35.26,158,23.94,25.88,1
S02,105,data/thermal/S02/t105.png,30.35,35.59,166,24.04,26.27,1
S02,106,data/thermal/S02/t106.png,30.4,36.0,185,23.83,26.01,1
S02,107,data/thermal/S02/t107.png,30.41,36.14,204,23.74,25.96,1
S02,108,MISSING,30.48,36.32,221,23.8,26.0,1
S02,109,data/thermal/S02/t109.png,30.55,36.94,249,24.08,26.06,1
S02,110,data/thermal/S02/t110.png,30.87,38.44,391,24.13,25.99,1
S02,111,data/thermal/S02/t111.png,32.71,39.43,1217,23.94,25.97,1
S02,112,data/thermal/S02/t112.png,33.01,40.1,1288,24.11,26.2,1
S02,113,data/thermal/S02/t113.png,33.4,41.49,1390,23.71,26.05,1
S02,114,data/thermal/S02/t114.png,33.86,43.37,1519,23.97,26.2,1
S02,115,data/thermal/S02/t115.png,34.35,44.89,1603,23.99,26.03,1
S02,116,data/thermal/S02/t116.png,34.92,46.78,1731,23.97,26.27,1
S02,117,data/thermal/S02/t117.png,35.49,48.61,1817,23.91,25.96,1
S02,118,data/thermal/S02/t118.png,36.13,51.41,1908,24.13,25.93,1
S02,119,data/thermal/S02/t119.png,36.77,52.6,1975,23.97,25.74,1
S02,120,data/thermal/S02/t120.png,37.46,55.17,2025,24.19,25.55,1
S03,0,data/thermal/S03/t000.png,31.0,32.3,0,,,0
S03,1,data/thermal/S03/t001.png,31.0,32.54,0,,,0
S03,2,data/thermal/S03/t002.png,31.01,32.38,0,,,0
S03,3,data/thermal/S03/t003.png,31.02,32.34,0,,,0
S03,4,data/thermal/S03/t004.png,31.01,32.36,0,,,0
S03,5,data/thermal/S03/t005.png,31.02,32.32,0,,,0
S03,6,data/thermal/S03/t006.png,31.01,32.33,0,,,0
S03,7,data/thermal/S03/t007.png,31.01,32.61,0,,,0
S03,8,data/thermal/S03/t008.png,31.01,32.48,0,,,0
S03,9,data/thermal/S03/t009.png,31.0,32.58,0,,,0
S03,10,data/thermal/S03/t010.png,30.99,32.46,0,,,0
S03,11,MISSING,31.01,32.33,0,,,0
S03,12,data/thermal/S03/t012.png,30.98,32.31,0,,,0
S03,13,data/thermal/S03/t013.png,31.02,32.6,0,,,0
S03,14,data/thermal/S03/t014.png,31.01,32.28,0,,,0
S03,15,data/thermal/S03/t015.png,31.0,32.39,0,,,0
S03,16,data/thermal/S03/t016.png,31.02,32.61,0,,,0
S03,17,data/thermal/S03/t017.png,31.02,32.4,0,,,0
S03,18,data/thermal/S03/t018.png,31.01,32.16,0,,,0
S03,19,data/thermal/S03/t019.png,31.03,32.29,0,,,0
S03,20,data/thermal/S03/t020.png,31.02,32.31,0,,,0
S03,21,data/thermal/S03/t021.png,31.03,32.45,0,,,0
S03,22,data/thermal/S03/t022.png,31.03,32.38,0,,,0
S03,23,data/thermal/S03/t023.png,31.02,32.64,0,,,0
S03,24,data/thermal/S03/t024.png,31.04,32.65,0,,,0
S03,25,data/thermal/S03/t025.png,31.04,32.31,0,,,0
S03,26,data/thermal/S03/t026.png,31.03,32.5,0,,,0
S03,27,data/thermal/S03/t027.png,31.04,32.74,0,,,0
S03,28,data/thermal/S03/t028.png,31.05,32.58,0,,,0
S03,29,data/thermal/S03/t029.png,31.03,32.66,0,,,0
S03,30,data/thermal/S03/t030.png,31.05,32.74,0,,,0
S03,31,data/thermal/S03/t031.png,31.04,32.81,0,,,0
S03,32,data/thermal/S03/t032.png,31.05,32.96,0,,,0
S03,33,data/thermal/S03/t033.png,31.08,32.81,0,,,0
S03,34,data/thermal/S03/t034.png,31.08,33.01,1,22.0,24.0,1
S03,35,data/thermal/S03/t035.png,31.07,32.89,0,,,0
S03,36,data/thermal/S03/t036.png,31.07,32.9,0,,,0
S03,37,data/thermal/S03/t037.png,31.08,32.9,0,,,0
S03,38,data/thermal/S03/t038.png,31.1,33.55,4,27.0,23.5,1
S03,39,data/thermal/S03/t039.png,31.11,33.48,10,25.4,23.6,1
S03,40,data/thermal/S03/t040.png,31.11,33.54,11,26.18,22.45,1
S03,41,data/thermal/S03/t041.png,31.14,33.69,17,25.76,24.65,1
S03,42,data/thermal/S03/t042.png,31.15,34.11,32,26.19,24.16,1
S03,43,data/thermal/S03/t043.png,31.18,34.34,46,26.39,23.57,1
S03,44,data/thermal/S03/t044.png,31.22,34.19,65,25.8,23.98,1
S03,45,data/thermal/S03/t045.png,31.29,35.0,114,25.89,24.11,1
S03,46,data/thermal/S03/t046.png,32.19,35.93,572,26.13,24.04,1
S03,47,data/thermal/S03/t047.png,32.6,36.96,792,25.94,24.08,1
S03,48,data/thermal/S03/t048.png,32.97,37.98,961,26.07,24.12,1
S03,49,data/thermal/S03/t049.png,33.4,39.32,1114,26.05,23.93,1
S03,50,data/thermal/S03/t050.png,33.86,40.95,1251,26.12,24.04,1
S03,51,data/thermal/S03/t051.png,34.39,43.14,1400,26.22,24.06,1
S03,52,data/thermal/S03/t052.png,34.94,44.31,1520,26.22,23.88,1
S03,53,data/thermal/S03/t053.png,35.57,46.87,1659,26.0,24.05,1
S03,54,data/thermal/S03/t054.png,36.22,48.89,1765,26.1,23.97,1
S03,55,data/thermal/S03/t055.png,36.91,51.11,1876,25.97,24.08,1
S03,56,data/thermal/S03/t056.png,37.62,53.17,1949,25.76,24.11,1
S03,57,data/thermal/S03/t057.png,38.33,55.68,2023,25.53,24.29,1
S03,58,data/thermal/S03/t058.png,39.11,58.43,2073,25.47,24.11,1
S03,59,data/thermal/S03/t059.png,39.87,61.26,2118,25.41,24.34,1
S03,60,data/thermal/S03/t060.png,40.66,62.99,2157,25.27,24.18,1
S03,61,data/thermal/S03/t061.png,41.47,65.45,2191,25.22,24.25,1
S03,62,data/thermal/S03/t062.png,42.24,68.06,2232,25.35,24.27,1
S03,63,data/thermal/S03/t063.png,43.04,71.09,2233,25.23,24.28,1
S03,64,data/thermal/S03/t064.png,43.85,73.82,2274,25.19,24.3,1
S03,65,data/thermal/S03/t065.png,44.64,76.39,2281,25.16,24.25,1
S03,66,data/thermal/S03/t066.png,45.43,78.73,2296,25.03,24.21,1
S03,67,data/thermal/S03/t067.png,46.27,82.0,2323,25.08,24.3,1
S03,68,data/thermal/S03/t068.png,47.06,84.27,2331,25.08,24.26,1
S03,69,data/thermal/S03/t069.png,47.86,86.45,2345,25.03,24.45,1
S03,70,data/thermal/S03/t070.png,48.64,89.44,2358,25.03,24.36,1
S03,71,data/thermal/S03/t071.png,49.45,92.02,2365,24.91,24.31,1
S03,72,data/thermal/S03/t072.png,50.19,94.67,2362,25.05,24.33,1
S03,73,data/thermal/S03/t073.png,50.98,96.81,2387,24.94,24.4,1
S03,74,data/thermal/S03/t074.png,51.75,99.35,2403,24.94,24.38,1
S03,75,data/thermal/S03/t075.png,52.47,101.54,2395,24.95,24.38,1
S03,76,data/thermal/S03/t076.png,53.21,104.11,2399,24.87,24.35,1
S03,77,data/thermal/S03/t077.png,53.93,106.2,2413,24.98,24.35,1
S03,78,data/thermal/S03/t078.png,54.65,108.97,2411,24.89,24.4,1
S03,79,data/thermal/S03/t079.png,55.34,110.71,2417,24.82,24.27,1
S03,80,data/thermal/S03/t080.png,56.02,113.06,2434,24.88,24.32,1
S03,81,data/thermal/S03/t081.png,56.66,115.44,2430,24.84,24.39,1
S03,82,data/thermal/S03/t082.png,57.34,117.6,2430,24.83,24.34,1
S03,83,data/thermal/S03/t083.png,57.96,119.74,2439,24.82,24.32,1
S03,84,data/thermal/S03/t084.png,58.61,121.74,2441,24.79,24.37,1
S03,85,data/thermal/S03/t085.png,59.21,124.0,2447,24.77,24.38,1
S03,86,data/thermal/S03/t086.png,59.82,126.19,2447,24.84,24.43,1
S03,87,data/thermal/S03/t087.png,60.41,127.61,2459,24.81,24.4,1
S03,88,data/thermal/S03/t088.png,60.97,129.56,2451,24.79,24.34,1
S03,89,data/thermal/S03/t089.png,61.53,131.29,2450,24.83,24.43,1
S03,90,data/thermal/S03/t090.png,62.1,133.9,2460,24.76,24.43,1
S03,91,data/thermal/S03/t091.png,62.63,134.86,2459,24.75,24.4,1
S03,92,data/thermal/S03/t092.png,63.15,137.08,2461,24.75,24.45,1
S03,93,data/thermal/S03/t093.png,63.64,139.12,2460,24.81,24.43,1
S03,94,data/thermal/S03/t094.png,64.15,139.88,2461,24.79,24.45,1
S03,95,data/thermal/S03/t095.png,64.66,141.58,2469,24.73,24.45,1
S03,96,data/thermal/S03/t096.png,65.12,143.16,2468,24.74,24.35,1
S03,97,data/thermal/S03/t097.png,65.57,144.6,2462,24.79,24.41,1
S03,98,data/thermal/S03/t098.png,66.03,145.95,2470,24.74,24.45,1
S03,99,data/thermal/S03/t099.png,66.47,147.92,2474,24.74,24.39,1
S03,100,data/thermal/S03/t100.png,66.87,148.92,2470,24.74,24.41,1
S03,101,data/thermal/S03/t101.png,67.29,150.46,2468,24.7,24.44,1
S03,102,data/thermal/S03/t102.png,67.68,151.33,2471,24.71,24.43,1
S03,103,data/thermal/S03/t103.png,68.09,152.8,2474,24.72,24.45,1
S03,104,data/thermal/S03/t104.png,68.45,153.85,2475,24.7,24.46,1
S03,105,data/thermal/S03/t105.png,68.82,154.95,2478,24.71,24.46,1
S03,106,data/thermal/S03/t106.png,69.16,156.67,2474,24.71,24.42,1
S03,107,data/thermal/S03/t107.png,69.5,157.34,2470,24.74,24.43,1
S03,108,data/thermal/S03/t108.png,69.86,158.71,2479,24.68,24.44,1
S03,109,data/thermal/S03/t109.png,70.17,159.62,2481,24.64,24.45,1
S03,110,data/thermal/S03/t110.png,70.49,160.75,2472,24.72,24.44,1
S03,111,data/thermal/S03/t111.png,70.8,161.68,2483,24.64,24.42,1
S03,112,data/thermal/S03/t112.png,71.1,162.41,2480,24.67,24.44,1
S03,113,data/thermal/S03/t113.png,71.39,163.45,2480,24.67,24.48,1
S03,114,data/thermal/S03/t114.png,71.64,164.68,2480,24.69,24.46,1
S03,115,data/thermal/S03/t115.png,71.93,165.65,2481,24.68,24.51,1
S03,116,data/thermal/S03/t116.png,72.18,166.23,2481,24.64,24.45,1
S03,117,MISSING,72.42,167.47,2477,24.72,24.47,1
S03,118,data/thermal/S03/t118.png,72.68,168.21,2483,24.66,24.49,1
S03,119,data/thermal/S03/t119.png,72.91,168.54,2482,24.67,24.46,1
S03,120,data/thermal/S03/t120.png,73.14,169.6,2482,24.67,24.43,1
S04,0,data/thermal/S04/t000.png,32.0,33.29,0,,,0
S04,1,data/thermal/S04/t001.png,32.02,33.6,0,,,0
S04,2,data/thermal/S04/t002.png,31.99,33.18,0,,,0
S04,3,data/thermal/S04/t003.png,32.01,33.34,0,,,0
S04,4,data/thermal/S04/t004.png,31.99,33.36,0,,,0
S04,5,data/thermal/S04/t005.png,32.02,33.3,0,,,0
S04,6,data/thermal/S04/t006.png,31.98,33.37,0,,,0
S04,7,data/thermal/S04/t007.png,32.01,33.43,0,,,0
S04,8,data/thermal/S04/t008.png,31.99,33.39,0,,,0
S04,9,data/thermal/S04/t009.png,31.98,33.37,0,,,0
S04,10,data/thermal/S04/t010.png,32.0,33.49,0,,,0
S04,11,data/thermal/S04/t011.png,32.0,33.36,0,,,0
S04,12,data/thermal/S04/t012.png,32.01,33.9,0,,,0
S04,13,data/thermal/S04/t013.png,32.0,33.54,0,,,0
S04,14,data/thermal/S04/t014.png,32.03,33.72,0,,,0
S04,15,data/thermal/S04/t015.png,32.01,33.26,0,,,0
S04,16,data/thermal/S04/t016.png,32.04,33.42,0,,,0
S04,17,data/thermal/S04/t017.png,32.0,33.32,0,,,0
S04,18,data/thermal/S04/t018.png,32.02,33.44,0,,,0
S04,19,data/thermal/S04/t019.png,32.02,33.41,0,,,0
S04,20,data/thermal/S04/t020.png,32.05,33.73,0,,,0
S04,21,data/thermal/S04/t021.png,32.06,33.51,0,,,0
S04,22,data/thermal/S04/t022.png,32.06,33.6,0,,,0
S04,23,data/thermal/S04/t023.png,32.07,33.82,0,,,0
S04,24,data/thermal/S04/t024.png,32.1,33.92,0,,,0
S04,25,data/thermal/S04/t025.png,32.18,34.52,11,25.91,23.18,1
S04,26,data/thermal/S04/t026.png,32.8,35.64,223,24.58,25.51,1
S04,27,data/thermal/S04/t027.png,33.1,36.09,490,25.09,25.15,1
S04,28,data/thermal/S04/t028.png,33.43,37.24,709,24.79,25.26,1
S04,29,data/thermal/S04/t029.png,33.88,38.93,938,25.09,25.04,1
S04,30,data/thermal/S04/t030.png,34.35,40.38,1086,25.04,25.11,1
S04,31,data/thermal/S04/t031.png,34.89,42.03,1270,24.86,25.03,1
S04,32,data/thermal/S04/t032.png,35.47,43.83,1410,24.92,25.18,1
S04,33,data/thermal/S04/t033.png,36.1,46.5,1565,25.29,24.86,1
S04,34,data/thermal/S04/t034.png,36.75,47.91,1703,25.19,25.09,1
S04,35,data/thermal/S04/t035.png,37.43,50.08,1803,25.06,25.07,1
S04,36,data/thermal/S04/t036.png,38.17,52.89,1913,24.93,25.09,1
S04,37,data/thermal/S04/t037.png,38.78,54.9,1972,24.79,25.06,1
S04,38,data/thermal/S04/t038.png,39.66,57.57,2049,24.79,24.72,1
S04,39,data/thermal/S04/t039.png,40.43,60.25,2106,24.86,24.72,1
S04,40,data/thermal/S04/t040.png,41.23,62.85,2152,24.67,24.88,1
S04,41,data/thermal/S04/t041.png,42.05,65.67,2187,24.71,24.79,1
S04,42,data/thermal/S04/t042.png,42.83,67.98,2222,24.86,24.74,1
S04,43,data/thermal/S04/t043.png,43.64,70.37,2231,24.62,24.78,1
S04,44,data/thermal/S04/t044.png,44.46,73.1,2261,24.76,24.8,1
S04,45,data/thermal/S04/t045.png,45.27,75.82,2299,24.6,24.73,1
S04,46,data/thermal/S04/t046.png,46.08,78.24,2300,24.72,24.7,1
S04,47,data/thermal/S04/t047.png,46.93,80.76,2329,24.68,24.63,1
S04,48,data/thermal/S04/t048.png,47.71,83.92,2341,24.73,24.63,1
S04,49,MISSING,48.5,86.21,2340,24.73,24.7,1
S04,50,data/thermal/S04/t050.png,49.29,88.91,2361,24.61,24.66,1
S04,51,data/thermal/S04/t051.png,50.11,91.42,2371,24.65,24.67,1
S04,52,data/thermal/S04/t052.png,50.89,94.26,2378,24.59,24.64,1
S04,53,data/thermal/S04/t053.png,51.68,96.94,2390,24.55,24.7,1
S04,54,data/thermal/S04/t054.png,52.41,99.09,2397,24.67,24.59,1
S04,55,data/thermal/S04/t055.png,53.17,102.06,2396,24.58,24.64,1
S04,56,data/thermal/S04/t056.png,53.9,103.95,2416,24.68,24.55,1
S04,57,data/thermal/S04/t057.png,54.62,106.71,2411,24.73,24.66,1
S04,58,data/thermal/S04/t058.png,55.36,108.88,2422,24.59,24.66,1
S04,59,data/thermal/S04/t059.png,56.05,110.97,2414,24.68,24.63,1
S04,60,data/thermal/S04/t060.png,56.74,113.37,2424,24.59,24.7,1
S04,61,data/thermal/S04/t061.png,57.38,115.0,2434,24.7,24.61,1
S04,62,data/thermal/S04/t062.png,58.05,117.75,2439,24.56,24.6,1
S04,63,data/thermal/S04/t063.png,58.71,120.12,2438,24.65,24.64,1
S04,64,data/thermal/S04/t064.png,59.3,121.74,2450,24.59,24.63,1
S04,65,data/thermal/S04/t065.png,59.93,123.81,2446,24.64,24.64,1
S04,66,data/thermal/S04/t066.png,60.55,125.7,2454,24.61,24.58,1
S04,67,data/thermal/S04/t067.png,61.12,128.13,2447,24.58,24.64,1
S04,68,data/thermal/S04/t068.png,61.7,129.59,2458,24.63,24.63,1
S04,69,data/thermal/S04/t069.png,62.28,131.32,2455,24.62,24.66,1
S04,70,data/thermal/S04/t070.png,62.81,133.1,2458,24.57,24.65,1
S04,71,data/thermal/S04/t071.png,63.37,134.92,2466,24.63,24.57,1
S04,72,data/thermal/S04/t072.png,63.88,137.06,2464,24.65,24.61,1
S04,73,data/thermal/S04/t073.png,64.4,138.18,2468,24.61,24.58,1
S04,74,data/thermal/S04/t074.png,64.91,140.28,2468,24.57,24.59,1
S04,75,data/thermal/S04/t075.png,65.37,141.83,2470,24.56,24.59,1
S04,76,data/thermal/S04/t076.png,65.85,143.23,2472,24.59,24.5,1
S04,77,data/thermal/S04/t077.png,66.33,145.04,2474,24.61,24.61,1
S04,78,data/thermal/S04/t078.png,66.76,146.7,2473,24.53,24.64,1
S04,79,data/thermal/S04/t079.png,67.22,147.83,2473,24.57,24.55,1
S04,80,data/thermal/S04/t080.png,67.65,149.08,2478,24.56,24.59,1
S04,81,data/thermal/S04/t081.png,68.06,150.19,2481,24.6,24.55,1
S04,82,data/thermal/S04/t082.png,68.46,151.4,2480,24.59,24.57,1
S04,83,data/thermal/S04/t083.png,68.84,153.03,2480,24.58,24.55,1
S04,84,data/thermal/S04/t084.png,69.21,154.02,2481,24.55,24.58,1
S04,85,data/thermal/S04/t085.png,69.58,155.55,2482,24.52,24.58,1
S04,86,data/thermal/S04/t086.png,69.91,156.69,2485,24.55,24.53,1
S04,87,data/thermal/S04/t087.png,70.26,157.59,2483,24.58,24.59,1
S04,88,data/thermal/S04/t088.png,70.6,158.87,2480,24.58,24.58,1
S04,89,data/thermal/S04/t089.png,70.91,159.29,2489,24.55,24.57,1
S04,90,data/thermal/S04/t090.png,71.22,159.97,2492,24.56,24.56,1
S04,91,data/thermal/S04/t091.png,71.55,161.99,2486,24.52,24.56,1
S04,92,data/thermal/S04/t092.png,71.83,163.05,2484,24.57,24.58,1
S04,93,data/thermal/S04/t093.png,72.13,163.34,2486,24.6,24.54,1
S04,94,data/thermal/S04/t094.png,72.42,164.53,2484,24.56,24.58,1
S04,95,data/thermal/S04/t095.png,72.7,165.29,2487,24.53,24.59,1
S04,96,data/thermal/S04/t096.png,72.95,166.87,2488,24.53,24.56,1
S04,97,data/thermal/S04/t097.png,73.21,167.34,2488,24.56,24.54,1
S04,98,data/thermal/S04/t098.png,73.45,167.77,2488,24.54,24.56,1
S04,99,data/thermal/S04/t099.png,73.69,168.71,2490,24.54,24.56,1
S04,100,data/thermal/S04/t100.png,73.91,169.33,2488,24.54,24.58,1
S04,101,data/thermal/S04/t101.png,74.15,169.96,2489,24.57,24.57,1
S04,102,data/thermal/S04/t102.png,74.36,170.73,2490,24.52,24.54,1
S04,103,data/thermal/S04/t103.png,74.56,171.51,2489,24.53,24.57,1
S04,104,data/thermal/S04/t104.png,74.79,172.05,2495,24.53,24.55,1
S04,105,data/thermal/S04/t105.png,74.98,172.6,2487,24.55,24.57,1
S04,106,data/thermal/S04/t106.png,75.14,173.29,2495,24.55,24.51,1
S04,107,data/thermal/S04/t107.png,75.33,174.03,2493,24.55,24.51,1
S04,108,data/thermal/S04/t108.png,75.5,174.7,2494,24.54,24.52,1
S04,109,data/thermal/S04/t109.png,75.69,175.37,2490,24.54,24.6,1
S04,110,data/thermal/S04/t110.png,75.83,175.98,2491,24.55,24.55,1
S04,111,data/thermal/S04/t111.png,76.01,177.13,2491,24.55,24.55,1
S04,112,data/thermal/S04/t112.png,76.19,176.84,2493,24.51,24.55,1
S04,113,data/thermal/S04/t113.png,76.31,176.93,2491,24.57,24.51,1
S04,114,data/thermal/S04/t114.png,76.47,177.55,2490,24.52,24.58,1
S04,115,data/thermal/S04/t115.png,76.62,178.45,2495,24.51,24.55,1
S04,116,data/thermal/S04/t116.png,76.75,178.45,2497,24.51,24.53,1
S04,117,data/thermal/S04/t117.png,76.9,178.89,2493,24.55,24.51,1
S04,118,MISSING,77.04,179.49,2496,24.54,24.52,1
S04,119,data/thermal/S04/t119.png,77.16,180.44,2493,24.53,24.53,1
S04,120,data/thermal/S04/t120.png,77.3,180.79,2493,24.51,24.55,1
S05,0,data/thermal/S05/t000.png,34.0,35.25,0,,,0
S05,1,data/thermal/S05/t001.png,33.99,35.44,0,,,0
S05,2,data/thermal/S05/t002.png,33.99,35.45,0,,,0
S05,3,data/thermal/S05/t003.png,33.99,35.42,0,,,0
S05,4,data/thermal/S05/t004.png,34.0,35.63,0,,,0
S05,5,data/thermal/S05/t005.png,33.99,35.32,0,,,0
S05,6,data/thermal/S05/t006.png,34.02,35.52,0,,,0
S05,7,data/thermal/S05/t007.png,33.99,35.34,0,,,0
S05,8,data/thermal/S05/t008.png,34.02,35.21,0,,,0
S05,9,data/thermal/S05/t009.png,34.01,35.89,0,,,0
S05,10,data/thermal/S05/t010.png,34.02,35.37,0,,,0
S05,11,data/thermal/S05/t011.png,34.0,35.51,0,,,0
S05,12,data/thermal/S05/t012.png,34.03,35.63,0,,,0
S05,13,data/thermal/S05/t013.png,34.06,35.63,0,,,0
S05,14,data/thermal/S05/t014.png,34.15,35.91,0,,,0
S05,15,data/thermal/S05/t015.png,34.58,37.41,61,23.03,27.15,1
S05,16,data/thermal/S05/t016.png,34.87,37.67,299,22.98,27.28,1
S05,17,data/thermal/S05/t017.png,35.2,38.67,582,22.77,27.14,1
S05,18,data/thermal/S05/t018.png,35.61,40.12,795,23.16,27.05,1
S05,19,data/thermal/S05/t019.png,36.1,41.72,1015,23.07,27.12,1
S05,20,data/thermal/S05/t020.png,36.61,43.22,1179,22.95,27.1,1
S05,21,data/thermal/S05/t021.png,37.2,45.05,1352,23.09,27.21,1
S05,22,data/thermal/S05/t022.png,37.8,47.17,1497,22.83,27.22,1
S05,23,data/thermal/S05/t023.png,38.45,49.71,1633,22.77,27.0,1
S05,24,data/thermal/S05/t024.png,39.15,51.11,1741,22.97,26.76,1
S05,25,data/thermal/S05/t025.png,39.84,53.8,1836,22.96,26.74,1
S05,26,data/thermal/S05/t026.png,40.56,56.19,1890,23.23,26.65,1
S05,27,data/thermal/S05/t027.png,41.32,58.75,1972,23.39,26.46,1
S05,28,data/thermal/S05/t028.png,42.1,61.09,2042,23.41,26.28,1
S05,29,data/thermal/S05/t029.png,42.88,63.77,2091,23.59,26.01,1
S05,30,MISSING,43.7,66.29,2131,23.56,26.06,1
S05,31,data/thermal/S05/t031.png,44.47,68.71,2174,23.81,25.78,1
S05,32,data/thermal/S05/t032.png,45.11,71.09,2174,23.77,25.6,1
S05,33,data/thermal/S05/t033.png,46.07,74.24,2229,23.84,25.61,1
S05,34,data/thermal/S05/t034.png,46.86,76.32,2248,23.85,25.56,1
S05,35,data/thermal/S05/t035.png,47.67,79.44,2270,23.84,25.5,1
S05,36,data/thermal/S05/t036.png,48.48,82.26,2290,23.88,25.42,1
S05,37,data/thermal/S05/t037.png,49.28,84.6,2299,23.98,25.46,1
S05,38,data/thermal/S05/t038.png,50.06,87.52,2313,24.0,25.43,1
S05,39,data/thermal/S05/t039.png,50.84,89.33,2330,24.09,25.43,1
S05,40,data/thermal/S05/t040.png,51.64,92.38,2347,24.08,25.42,1
S05,41,data/thermal/S05/t041.png,52.4,94.94,2353,24.07,25.24,1
S05,42,data/thermal/S05/t042.png,53.16,97.36,2359,23.98,25.31,1
S05,43,data/thermal/S05/t043.png,53.89,99.96,2370,24.04,25.22,1
S05,44,data/thermal/S05/t044.png,54.62,101.84,2366,24.09,25.3,1
S05,45,data/thermal/S05/t045.png,55.38,104.6,2378,24.1,25.26,1
S05,46,data/thermal/S05/t046.png,56.08,106.91,2380,24.08,25.25,1
S05,47,data/thermal/S05/t047.png,56.8,109.18,2395,24.16,25.19,1
S05,48,data/thermal/S05/t048.png,57.46,111.6,2386,24.07,25.17,1
S05,49,data/thermal/S05/t049.png,58.15,113.26,2405,24.19,25.15,1
S05,50,data/thermal/S05/t050.png,58.81,115.77,2403,24.14,25.16,1
S05,51,data/thermal/S05/t051.png,59.47,118.0,2407,24.2,25.13,1
S05,52,data/thermal/S05/t052.png,60.11,120.26,2410,24.18,25.11,1
S05,53,data/thermal/S05/t053.png,60.73,121.86,2424,24.16,25.0,1
S05,54,data/thermal/S05/t054.png,61.34,124.67,2419,24.13,25.05,1
S05,55,data/thermal/S05/t055.png,61.95,126.01,2424,24.12,24.98,1
S05,56,data/thermal/S05/t056.png,62.55,128.39,2425,24.21,25.04,1
S05,57,data/thermal/S05/t057.png,63.13,129.93,2424,24.23,25.03,1
S05,58,data/thermal/S05/t058.png,63.67,132.06,2433,24.2,24.99,1
S05,59,data/thermal/S05/t059.png,64.19,133.6,2426,24.25,25.02,1
S05,60,data/thermal/S05/t060.png,64.73,135.77,2432,24.18,25.0,1
S05,61,data/thermal/S05/t061.png,65.23,137.51,2435,24.26,25.0,1
S05,62,data/thermal/S05/t062.png,65.75,139.07,2442,24.29,24.96,1
S05,63,data/thermal/S05/t063.png,66.25,140.4,2445,24.29,24.93,1
S05,64,data/thermal/S05/t064.png,66.75,142.39,2448,24.35,24.89,1
S05,65,data/thermal/S05/t065.png,67.2,143.68,2448,24.29,24.95,1
S05,66,data/thermal/S05/t066.png,67.67,144.97,2447,24.28,24.9,1
S05,67,data/thermal/S05/t067.png,68.1,146.5,2446,24.29,24.94,1
S05,68,data/thermal/S05/t068.png,68.54,147.77,2451,24.22,24.91,1
S05,69,data/thermal/S05/t069.png,68.99,149.0,2455,24.3,24.86,1
S05,70,data/thermal/S05/t070.png,69.37,150.16,2452,24.29,24.9,1
S05,71,data/thermal/S05/t071.png,69.77,151.52,2450,24.27,24.9,1
S05,72,data/thermal/S05/t072.png,70.13,153.64,2451,24.28,24.91,1
S05,73,data/thermal/S05/t073.png,70.53,154.15,2451,24.33,24.91,1
S05,74,data/thermal/S05/t074.png,70.91,155.68,2458,24.29,24.83,1
S05,75,data/thermal/S05/t075.png,71.24,156.44,2457,24.31,24.84,1
S05,76,data/thermal/S05/t076.png,71.57,158.28,2457,24.35,24.88,1
S05,77,data/thermal/S05/t077.png,71.92,158.68,2454,24.32,24.89,1
S05,78,data/thermal/S05/t078.png,72.25,159.66,2461,24.31,24.8,1
S05,79,data/thermal/S05/t079.png,72.59,161.54,2455,24.26,24.87,1
S05,80,data/thermal/S05/t080.png,72.87,163.0,2457,24.29,24.86,1
S05,81,data/thermal/S05/t081.png,73.2,162.74,2463,24.33,24.84,1
S05,82,data/thermal/S05/t082.png,73.47,163.98,2458,24.34,24.85,1
S05,83,data/thermal/S05/t083.png,73.75,165.54,2463,24.33,24.84,1
S05,84,data/thermal/S05/t084.png,74.01,165.97,2469,24.33,24.75,1
S05,85,MISSING,74.26,166.53,2465,24.29,24.8,1
S05,86,data/thermal/S05/t086.png,74.52,167.87,2467,24.32,24.79,1
S05,87,data/thermal/S05/t087.png,74.76,168.13,2469,24.31,24.79,1
S05,88,data/thermal/S05/t088.png,75.02,168.93,2463,24.29,24.84,1
S05,89,data/thermal/S05/t089.png,75.25,170.18,2468,24.34,24.79,1
S05,90,data/thermal/S05/t090.png,75.46,170.43,2467,24.29,24.78,1
S05,91,data/thermal/S05/t091.png,75.67,171.83,2471,24.31,24.75,1
S05,92,data/thermal/S05/t092.png,75.88,171.88,2466,24.3,24.8,1
S05,93,data/thermal/S05/t093.png,76.06,172.79,2467,24.33,24.81,1
S05,94,data/thermal/S05/t094.png,76.28,173.06,2473,24.33,24.73,1
S05,95,data/thermal/S05/t095.png,76.45,173.63,2465,24.32,24.79,1
S05,96,data/thermal/S05/t096.png,76.64,174.4,2473,24.34,24.75,1
S05,97,data/thermal/S05/t097.png,76.83,175.42,2472,24.37,24.76,1
S05,98,data/thermal/S05/t098.png,77.02,175.31,2468,24.35,24.76,1
S05,99,data/thermal/S05/t099.png,77.17,176.31,2471,24.35,24.75,1
S05,100,data/thermal/S05/t100.png,77.33,177.34,2473,24.38,24.74,1
S05,101,data/thermal/S05/t101.png,77.49,177.37,2475,24.37,24.73,1
S05,102,data/thermal/S05/t102.png,77.63,177.8,2474,24.34,24.72,1
S05,103,data/thermal/S05/t103.png,77.78,177.89,2474,24.36,24.74,1
S05,104,data/thermal/S05/t104.png,77.91,178.51,2467,24.35,24.81,1
S05,105,data/thermal/S05/t105.png,78.04,179.26,2480,24.37,24.69,1
S05,106,data/thermal/S05/t106.png,78.18,179.62,2471,24.33,24.75,1
S05,107,data/thermal/S05/t107.png,78.33,180.13,2474,24.34,24.74,1
S05,108,data/thermal/S05/t108.png,78.44,180.46,2470,24.3,24.78,1
S05,109,data/thermal/S05/t109.png,78.56,180.64,2473,24.31,24.75,1
S05,110,data/thermal/S05/t110.png,78.67,181.13,2473,24.34,24.73,1
S05,111,data/thermal/S05/t111.png,78.78,181.34,2469,24.31,24.75,1
S05,112,data/thermal/S05/t112.png,78.88,181.84,2473,24.35,24.75,1
S05,113,data/thermal/S05/t113.png,78.98,182.62,2473,24.33,24.73,1
S05,114,data/thermal/S05/t114.png,79.07,182.51,2478,24.37,24.71,1
S05,115,data/thermal/S05/t115.png,79.18,182.43,2476,24.36,24.72,1
S05,116,data/thermal/S05/t116.png,79.26,183.33,2473,24.34,24.73,1
S05,117,data/thermal/S05/t117.png,79.37,184.23,2474,24.34,24.72,1
S05,118,data/thermal/S05/t118.png,79.45,183.74,2481,24.32,24.67,1
S05,119,data/thermal/S05/t119.png,79.55,183.95,2476,24.39,24.72,1
S05,120,data/thermal/S05/t120.png,79.64,184.27,2473,24.35,24.75,1
S06,0,data/thermal/S06/t000.png,31.0,32.27,0,,,0
S06,1,data/thermal/S06/t001.png,31.0,32.51,0,,,0
S06,2,data/thermal/S06/t002.png,31.0,32.35,0,,,0
S06,3,data/thermal/S06/t003.png,31.01,32.32,0,,,0
S06,4,data/thermal/S06/t004.png,31.01,32.53,0,,,0
S06,5,data/thermal/S06/t005.png,31.02,32.52,0,,,0
S06,6,data/thermal/S06/t006.png,31.0,32.32,0,,,0
S06,7,data/thermal/S06/t007.png,31.01,32.6,0,,,0
S06,8,data/thermal/S06/t008.png,31.01,32.48,0,,,0
S06,9,data/thermal/S06/t009.png,31.02,32.36,0,,,0
S06,10,data/thermal/S06/t010.png,31.03,32.29,0,,,0
S06,11,data/thermal/S06/t011.png,31.01,32.63,0,,,0
S06,12,data/thermal/S06/t012.png,31.01,32.26,0,,,0
S06,13,data/thermal/S06/t013.png,31.0,32.53,0,,,0
S06,14,data/thermal/S06/t014.png,31.03,32.31,0,,,0
S06,15,data/thermal/S06/t015.png,31.03,32.69,0,,,0
S06,16,data/thermal/S06/t016.png,31.02,32.36,0,,,0
S06,17,data/thermal/S06/t017.png,31.01,32.63,0,,,0
S06,18,data/thermal/S06/t018.png,31.0,32.38,0,,,0
S06,19,data/thermal/S06/t019.png,31.03,32.45,0,,,0
S06,20,data/thermal/S06/t020.png,31.03,32.33,0,,,0
S06,21,data/thermal/S06/t021.png,31.01,32.27,0,,,0
S06,22,data/thermal/S06/t022.png,31.01,32.49,0,,,0
S06,23,data/thermal/S06/t023.png,31.03,32.41,0,,,0
S06,24,data/thermal/S06/t024.png,31.04,32.64,0,,,0
S06,25,data/thermal/S06/t025.png,31.03,32.67,0,,,0
S06,26,data/thermal/S06/t026.png,31.05,32.47,0,,,0
S06,27,data/thermal/S06/t027.png,31.03,32.5,0,,,0
S06,28,data/thermal/S06/t028.png,31.06,32.95,0,,,0
S06,29,data/thermal/S06/t029.png,31.07,32.88,0,,,0
S06,30,data/thermal/S06/t030.png,31.05,32.65,0,,,0
S06,31,data/thermal/S06/t031.png,31.07,32.76,0,,,0
S06,32,data/thermal/S06/t032.png,31.07,33.39,2,23.5,25.5,1
S06,33,data/thermal/S06/t033.png,31.09,33.15,3,23.67,26.0,1
S06,34,data/thermal/S06/t034.png,31.11,33.38,7,26.0,24.43,1
S06,35,data/thermal/S06/t035.png,31.16,33.67,12,24.42,24.92,1
S06,36,data/thermal/S06/t036.png,31.18,33.81,36,24.69,24.89,1
S06,37,MISSING,31.51,34.77,193,25.12,24.96,1
S06,38,data/thermal/S06/t038.png,32.29,36.11,616,24.92,24.69,1
S06,39,data/thermal/S06/t039.png,32.61,37.15,805,24.97,24.98,1
S06,40,data/thermal/S06/t040.png,33.04,38.52,985,24.87,25.06,1
S06,41,data/thermal/S06/t041.png,33.49,39.96,1146,24.92,24.97,1
S06,42,data/thermal/S06/t042.png,34.02,41.8,1297,24.97,24.68,1
S06,43,data/thermal/S06/t043.png,34.59,43.39,1423,25.2,25.14,1
S06,44,data/thermal/S06/t044.png,35.2,45.26,1575,25.03,25.13,1
S06,45,data/thermal/S06/t045.png,35.85,47.56,1710,25.14,25.01,1
S06,46,data/thermal/S06/t046.png,36.55,49.71,1831,25.04,25.07,1
S06,47,data/thermal/S06/t047.png,37.27,52.13,1935,25.04,24.96,1
S06,48,data/thermal/S06/t048.png,38.0,54.38,1983,24.99,24.99,1
S06,49,data/thermal/S06/t049.png,38.76,57.15,2060,24.9,24.86,1
S06,50,data/thermal/S06/t050.png,39.55,59.65,2105,24.95,24.81,1
S06,51,data/thermal/S06/t051.png,40.31,62.21,2148,24.77,24.88,1
S06,52,data/thermal/S06/t052.png,41.12,64.43,2188,24.78,24.73,1
S06,53,data/thermal/S06/t053.png,41.93,67.31,2223,24.72,24.74,1
S06,54,data/thermal/S06/t054.png,42.75,69.67,2249,24.76,24.71,1
S06,55,data/thermal/S06/t055.png,43.58,72.3,2262,24.69,24.65,1
S06,56,data/thermal/S06/t056.png,44.38,75.04,2285,24.68,24.69,1
S06,57,data/thermal/S06/t057.png,45.18,77.73,2312,24.66,24.68,1
S06,58,data/thermal/S06/t058.png,45.99,80.5,2333,24.63,24.67,1
S06,59,data/thermal/S06/t059.png,46.8,82.84,2337,24.72,24.62,1
S06,60,data/thermal/S06/t060.png,47.6,85.61,2350,24.67,24.76,1
S06,61,data/thermal/S06/t061.png,48.41,88.58,2366,24.67,24.59,1
S06,62,data/thermal/S06/t062.png,49.18,90.74,2373,24.71,24.67,1
S06,63,data/thermal/S06/t063.png,49.97,93.43,2384,24.68,24.64,1
S06,64,data/thermal/S06/t064.png,50.73,96.15,2390,24.66,24.62,1
S06,65,data/thermal/S06/t065.png,51.47,99.06,2394,24.6,24.62,1
S06,66,data/thermal/S06/t066.png,52.24,100.89,2399,24.62,24.63,1
S06,67,data/thermal/S06/t067.png,52.97,103.15,2411,24.61,24.62,1
S06,68,data/thermal/S06/t068.png,53.68,105.53,2412,24.68,24.55,1
S06,69,data/thermal/S06/t069.png,54.4,108.11,2420,24.66,24.64,1
S06,70,data/thermal/S06/t070.png,55.1,110.09,2421,24.63,24.62,1
S06,71,data/thermal/S06/t071.png,55.79,112.46,2433,24.63,24.65,1
S06,72,data/thermal/S06/t072.png,56.48,114.64,2437,24.67,24.65,1
S06,73,data/thermal/S06/t073.png,57.15,116.98,2438,24.59,24.6,1
S06,74,data/thermal/S06/t074.png,57.8,119.12,2445,24.58,24.58,1
S06,75,data/thermal/S06/t075.png,58.44,120.9,2448,24.6,24.59,1
S06,76,data/thermal/S06/t076.png,59.04,123.24,2453,24.6,24.58,1
S06,77,data/thermal/S06/t077.png,59.64,125.07,2453,24.6,24.66,1
S06,78,data/thermal/S06/t078.png,60.24,127.01,2450,24.59,24.63,1
S06,79,data/thermal/S06/t079.png,60.8,128.81,2457,24.62,24.55,1
S06,80,data/thermal/S06/t080.png,61.38,131.25,2447,24.66,24.58,1
S06,81,data/thermal/S06/t081.png,61.93,132.61,2462,24.57,24.55,1
S06,82,data/thermal/S06/t082.png,62.47,134.07,2468,24.57,24.55,1
S06,83,data/thermal/S06/t083.png,63.01,135.78,2464,24.51,24.63,1
S06,84,data/thermal/S06/t084.png,63.51,137.77,2462,24.65,24.61,1
S06,85,data/thermal/S06/t085.png,64.01,139.22,2471,24.62,24.6,1
S06,86,data/thermal/S06/t086.png,64.5,141.47,2469,24.6,24.6,1
S06,87,data/thermal/S06/t087.png,64.98,142.41,2470,24.59,24.59,1
S06,88,data/thermal/S06/t088.png,65.15,143.98,2447,24.77,24.49,1
S06,89,data/thermal/S06/t089.png,65.88,145.58,2476,24.52,24.59,1
S06,90,data/thermal/S06/t090.png,66.31,146.92,2474,24.61,24.63,1
S06,91,MISSING,66.75,148.26,2477,24.6,24.58,1
S06,92,data/thermal/S06/t092.png,67.14,149.38,2473,24.6,24.57,1
S06,93,data/thermal/S06/t093.png,67.54,151.5,2480,24.58,24.58,1
S06,94,data/thermal/S06/t094.png,67.95,152.37,2482,24.54,24.57,1
S06,95,data/thermal/S06/t095.png,68.33,153.63,2484,24.54,24.58,1
S06,96,data/thermal/S06/t096.png,68.72,154.69,2481,24.59,24.62,1
S06,97,data/thermal/S06/t097.png,69.07,156.31,2480,24.56,24.56,1
S06,98,data/thermal/S06/t098.png,69.43,156.52,2483,24.56,24.6,1
S06,99,data/thermal/S06/t099.png,69.75,158.51,2484,24.54,24.6,1
S06,100,data/thermal/S06/t100.png,70.08,158.92,2486,24.54,24.56,1
S06,101,data/thermal/S06/t101.png,70.41,160.53,2488,24.58,24.54,1
S06,102,data/thermal/S06/t102.png,70.71,160.99,2486,24.58,24.56,1
S06,103,data/thermal/S06/t103.png,71.01,162.03,2487,24.55,24.51,1
S06,104,data/thermal/S06/t104.png,71.29,162.86,2485,24.58,24.55,1
S06,105,data/thermal/S06/t105.png,71.6,164.14,2489,24.59,24.55,1
S06,106,data/thermal/S06/t106.png,71.85,165.04,2489,24.55,24.53,1
S06,107,data/thermal/S06/t107.png,72.12,165.44,2487,24.55,24.55,1
S06,108,data/thermal/S06/t108.png,72.38,166.64,2486,24.55,24.54,1
S06,109,data/thermal/S06/t109.png,72.64,167.96,2489,24.55,24.53,1
S06,110,data/thermal/S06/t110.png,72.9,168.96,2487,24.55,24.55,1
S06,111,data/thermal/S06/t111.png,73.12,168.9,2488,24.58,24.56,1
S06,112,data/thermal/S06/t112.png,73.35,169.82,2493,24.55,24.53,1
S06,113,data/thermal/S06/t113.png,73.56,170.93,2487,24.51,24.55,1
S06,114,data/thermal/S06/t114.png,73.77,171.22,2491,24.53,24.53,1
S06,115,data/thermal/S06/t115.png,73.98,172.09,2494,24.52,24.56,1
S06,116,data/thermal/S06/t116.png,74.18,172.65,2494,24.52,24.56,1
S06,117,data/thermal/S06/t117.png,74.39,172.8,2494,24.56,24.54,1
S06,118,data/thermal/S06/t118.png,74.57,173.94,2490,24.56,24.58,1
S06,119,data/thermal/S06/t119.png,74.75,174.48,2493,24.55,24.55,1
S06,120,data/thermal/S06/t120.png,74.94,174.99,2491,24.53,24.55,1
S07,0,data/thermal/S07/t000.png,31.02,32.52,0,,,0
S07,1,data/thermal/S07/t001.png,30.99,32.3,0,,,0
S07,2,data/thermal/S07/t002.png,31.0,32.57,0,,,0
S07,3,data/thermal/S07/t003.png,31.02,32.37,0,,,0
S07,4,data/thermal/S07/t004.png,31.0,32.57,0,,,0
S07,5,data/thermal/S07/t005.png,31.0,32.55,0,,,0
S07,6,data/thermal/S07/t006.png,31.0,32.51,0,,,0
S07,7,data/thermal/S07/t007.png,31.0,32.41,0,,,0
S07,8,data/thermal/S07/t008.png,31.0,32.51,0,,,0
S07,9,data/thermal/S07/t009.png,31.02,32.42,0,,,0
S07,10,data/thermal/S07/t010.png,31.0,32.29,0,,,0
S07,11,data/thermal/S07/t011.png,31.01,32.44,0,,,0
S07,12,data/thermal/S07/t012.png,31.01,32.21,0,,,0
S07,13,data/thermal/S07/t013.png,31.01,32.5,0,,,0
S07,14,data/thermal/S07/t014.png,31.01,32.4,0,,,0
S07,15,data/thermal/S07/t015.png,31.01,32.32,0,,,0
S07,16,data/thermal/S07/t016.png,31.03,32.48,0,,,0
S07,17,data/thermal/S07/t017.png,31.01,32.43,0,,,0
S07,18,data/thermal/S07/t018.png,31.04,32.42,0,,,0
S07,19,data/thermal/S07/t019.png,31.02,32.48,0,,,0
S07,20,data/thermal/S07/t020.png,31.03,32.3,0,,,0
S07,21,data/thermal/S07/t021.png,31.03,32.68,0,,,0
S07,22,data/thermal/S07/t022.png,31.05,32.38,0,,,0
S07,23,data/thermal/S07/t023.png,31.04,32.89,0,,,0
S07,24,data/thermal/S07/t024.png,31.07,32.59,0,,,0
S07,25,data/thermal/S07/t025.png,31.07,33.01,1,25.0,23.0,1
S07,26,data/thermal/S07/t026.png,31.05,32.73,0,,,0
S07,27,data/thermal/S07/t027.png,31.07,33.67,1,25.0,23.0,1
S07,28,data/thermal/S07/t028.png,31.09,33.47,2,27.0,24.5,1
S07,29,data/thermal/S07/t029.png,31.11,33.21,1,23.0,27.0,1
S07,30,data/thermal/S07/t030.png,31.1,33.23,5,26.6,24.6,1
S07,31,data/thermal/S07/t031.png,31.13,33.64,18,26.06,25.39,1
S07,32,data/thermal/S07/t032.png,31.19,34.21,31,25.68,24.87,1
S07,33,data/thermal/S07/t033.png,31.43,34.5,151,24.7,25.23,1
S07,34,data/thermal/S07/t034.png,32.21,36.02,559,24.8,24.71,1
S07,35,data/thermal/S07/t035.png,32.54,36.99,752,25.07,25.13,1
S07,36,data/thermal/S07/t036.png,32.95,37.96,945,25.03,25.02,1
S07,37,data/thermal/S07/t037.png,33.38,39.77,1098,25.02,24.99,1
S07,38,data/thermal/S07/t038.png,33.92,41.36,1264,25.15,24.92,1
S07,39,data/thermal/S07/t039.png,34.48,43.12,1433,24.86,24.98,1
S07,40,data/thermal/S07/t040.png,35.09,44.98,1553,25.14,24.94,1
S07,41,data/thermal/S07/t041.png,35.72,47.28,1677,25.29,24.99,1
S07,42,data/thermal/S07/t042.png,36.42,49.24,1818,25.22,25.05,1
S07,43,data/thermal/S07/t043.png,37.12,51.43,1900,24.92,24.84,1
S07,44,data/thermal/S07/t044.png,37.84,54.3,1996,24.93,24.83,1
S07,45,data/thermal/S07/t045.png,38.6,56.27,2057,24.86,24.86,1
S07,46,data/thermal/S07/t046.png,39.35,58.72,2104,24.79,24.7,1
S07,47,data/thermal/S07/t047.png,40.14,61.62,2140,24.85,24.75,1
S07,48,data/thermal/S07/t048.png,40.93,63.96,2183,24.74,24.8,1
S07,49,data/thermal/S07/t049.png,41.72,66.72,2223,24.75,24.73,1
S07,50,data/thermal/S07/t050.png,42.54,69.19,2264,24.87,24.71,1
S07,51,data/thermal/S07/t051.png,43.36,72.07,2274,24.77,24.69,1
S07,52,data/thermal/S07/t052.png,44.16,74.48,2286,24.8,24.71,1
S07,53,data/thermal/S07/t053.png,45.0,76.91,2301,24.76,24.7,1
S07,54,data/thermal/S07/t054.png,45.79,79.62,2324,24.74,24.58,1
S07,55,data/thermal/S07/t055.png,46.61,82.49,2336,24.72,24.57,1
S07,56,data/thermal/S07/t056.png,47.42,85.17,2357,24.61,24.69,1
S07,57,data/thermal/S07/t057.png,48.21,87.84,2360,24.58,24.78,1
S07,58,data/thermal/S07/t058.png,48.86,90.34,2340,24.65,24.39,1
S07,59,data/thermal/S07/t059.png,49.78,92.78,2378,24.62,24.72,1
S07,60,data/thermal/S07/t060.png,50.55,94.98,2381,24.69,24.73,1
S07,61,data/thermal/S07/t061.png,51.29,97.7,2394,24.65,24.62,1
S07,62,data/thermal/S07/t062.png,52.05,100.64,2393,24.67,24.61,1
S07,63,MISSING,52.79,102.85,2413,24.62,24.53,1
S07,64,data/thermal/S07/t064.png,53.54,105.59,2416,24.61,24.66,1
S07,65,data/thermal/S07/t065.png,54.22,107.24,2420,24.64,24.66,1
S07,66,data/thermal/S07/t066.png,54.96,109.66,2423,24.52,24.55,1
S07,67,data/thermal/S07/t067.png,55.63,112.07,2425,24.53,24.62,1
S07,68,data/thermal/S07/t068.png,56.14,114.28,2406,24.51,24.51,1
S07,69,data/thermal/S07/t069.png,56.97,116.73,2431,24.65,24.62,1
S07,70,data/thermal/S07/t070.png,57.62,118.79,2437,24.59,24.63,1
S07,71,data/thermal/S07/t071.png,58.25,120.7,2441,24.62,24.6,1
S07,72,data/thermal/S07/t072.png,58.89,122.74,2447,24.64,24.56,1
S07,73,data/thermal/S07/t073.png,59.48,124.51,2455,24.68,24.58,1
S07,74,data/thermal/S07/t074.png,60.1,126.47,2452,24.55,24.63,1
S07,75,data/thermal/S07/t075.png,60.67,128.15,2457,24.68,24.58,1
S07,76,data/thermal/S07/t076.png,61.24,129.78,2455,24.62,24.55,1
S07,77,data/thermal/S07/t077.png,61.79,132.01,2460,24.67,24.59,1
S07,78,data/thermal/S07/t078.png,62.34,133.74,2464,24.61,24.63,1
S07,79,MISSING,62.85,135.59,2467,24.62,24.62,1
S07,80,data/thermal/S07/t080.png,63.4,137.19,2477,24.55,24.62,1
S07,81,data/thermal/S07/t081.png,63.92,139.08,2473,24.55,24.56,1
S07,82,data/thermal/S07/t082.png,64.38,140.63,2471,24.56,24.6,1
S07,83,data/thermal/S07/t083.png,64.87,141.69,2474,24.57,24.59,1
S07,84,data/thermal/S07/t084.png,65.34,143.45,2473,24.59,24.6,1
S07,85,data/thermal/S07/t085.png,65.77,145.04,2480,24.56,24.58,1
S07,86,data/thermal/S07/t086.png,66.21,146.03,2475,24.61,24.6,1
S07,87,data/thermal/S07/t087.png,66.63,147.78,2474,24.55,24.61,1
S07,88,data/thermal/S07/t088.png,67.05,149.41,2476,24.56,24.61,1
S07,89,data/thermal/S07/t089.png,67.45,150.34,2479,24.58,24.58,1
S07,90,data/thermal/S07/t090.png,66.99,151.46,2451,24.56,24.53,1
S07,91,data/thermal/S07/t091.png,68.23,153.35,2482,24.59,24.57,1
S07,92,data/thermal/S07/t092.png,68.59,154.15,2484,24.59,24.56,1
S07,93,data/thermal/S07/t093.png,68.97,155.33,2483,24.58,24.53,1
S07,94,data/thermal/S07/t094.png,69.29,156.53,2483,24.6,24.57,1
S07,95,data/thermal/S07/t095.png,69.63,157.54,2485,24.58,24.57,1
S07,96,data/thermal/S07/t096.png,69.96,158.84,2485,24.55,24.59,1
S07,97,data/thermal/S07/t097.png,70.29,160.32,2485,24.58,24.58,1
S07,98,data/thermal/S07/t098.png,70.59,161.06,2486,24.57,24.58,1
S07,99,data/thermal/S07/t099.png,70.92,162.46,2485,24.57,24.55,1
S07,100,data/thermal/S07/t100.png,71.2,162.91,2485,24.57,24.59,1
S07,101,data/thermal/S07/t101.png,71.5,163.73,2489,24.54,24.57,1
S07,102,data/thermal/S07/t102.png,71.77,164.85,2486,24.58,24.58,1
S07,103,data/thermal/S07/t103.png,72.01,165.52,2487,24.55,24.55,1
S07,104,data/thermal/S07/t104.png,72.27,166.81,2487,24.59,24.57,1
S07,105,data/thermal/S07/t105.png,72.53,166.83,2486,24.62,24.56,1
S07,106,data/thermal/S07/t106.png,72.76,167.5,2488,24.54,24.61,1
S07,107,data/thermal/S07/t107.png,73.0,168.46,2486,24.52,24.52,1
S07,108,data/thermal/S07/t108.png,73.21,169.64,2489,24.58,24.58,1
S07,109,data/thermal/S07/t109.png,73.46,169.95,2493,24.53,24.55,1
S07,110,data/thermal/S07/t110.png,73.65,170.7,2492,24.54,24.52,1
S07,111,data/thermal/S07/t111.png,73.9,171.76,2491,24.57,24.51,1
S07,112,data/thermal/S07/t112.png,74.11,172.34,2495,24.53,24.51,1
S07,113,data/thermal/S07/t113.png,74.3,172.55,2494,24.52,24.54,1
S07,114,data/thermal/S07/t114.png,74.49,173.56,2492,24.52,24.54,1
S07,115,data/thermal/S07/t115.png,74.68,174.16,2495,24.55,24.53,1
S07,116,data/thermal/S07/t116.png,74.87,175.37,2490,24.56,24.54,1
S07,117,data/thermal/S07/t117.png,75.04,175.42,2493,24.55,24.53,1
S07,118,data/thermal/S07/t118.png,75.19,175.38,2489,24.55,24.55,1
S07,119,data/thermal/S07/t119.png,75.35,176.46,2488,24.56,24.54,1
S07,120,data/thermal/S07/t120.png,75.51,176.83,2492,24.52,24.52,1
S08,0,data/thermal/S08/t000.png,29.14,30.81,0,,,0
S08,1,data/thermal/S08/t001.png,29.12,30.5,0,,,0
S08,2,data/thermal/S08/t002.png,29.08,30.38,0,,,0
S08,3,data/thermal/S08/t003.png,29.06,30.57,0,,,0
S08,4,data/thermal/S08/t004.png,29.03,30.42,0,,,0
S08,5,data/thermal/S08/t005.png,29.0,30.36,0,,,0
S08,6,data/thermal/S08/t006.png,28.97,30.29,0,,,0
S08,7,data/thermal/S08/t007.png,28.93,30.3,0,,,0
S08,8,data/thermal/S08/t008.png,28.9,30.32,0,,,0
S08,9,data/thermal/S08/t009.png,28.88,30.08,0,,,0
S08,10,data/thermal/S08/t010.png,28.86,30.28,0,,,0
S08,11,data/thermal/S08/t011.png,28.81,30.23,0,,,0
S08,12,data/thermal/S08/t012.png,28.78,30.13,0,,,0
S08,13,data/thermal/S08/t013.png,28.73,30.36,0,,,0
S08,14,data/thermal/S08/t014.png,28.71,30.09,0,,,0
S08,15,data/thermal/S08/t015.png,28.67,30.51,0,,,0
S08,16,data/thermal/S08/t016.png,28.64,29.87,0,,,0
S08,17,data/thermal/S08/t017.png,28.61,30.09,0,,,0
S08,18,data/thermal/S08/t018.png,28.57,29.76,0,,,0
S08,19,data/thermal/S08/t019.png,28.53,29.86,0,,,0
S08,20,data/thermal/S08/t020.png,28.49,29.87,0,,,0
S08,21,data/thermal/S08/t021.png,28.46,29.72,0,,,0
S08,22,data/thermal/S08/t022.png,28.44,29.71,0,,,0
S08,23,data/thermal/S08/t023.png,28.39,29.57,0,,,0
S08,24,data/thermal/S08/t024.png,28.36,29.8,0,,,0
S08,25,data/thermal/S08/t025.png,28.32,29.8,0,,,0
S08,26,data/thermal/S08/t026.png,28.29,29.64,0,,,0
S08,27,data/thermal/S08/t027.png,28.25,29.87,0,,,0
S08,28,data/thermal/S08/t028.png,28.2,29.45,0,,,0
S08,29,data/thermal/S08/t029.png,28.17,29.58,0,,,0
S08,30,data/thermal/S08/t030.png,28.14,29.49,0,,,0
S08,31,data/thermal/S08/t031.png,28.12,29.51,0,,,0
S08,32,data/thermal/S08/t032.png,28.06,29.56,0,,,0
S08,33,data/thermal/S08/t033.png,28.02,29.96,0,,,0
S08,34,data/thermal/S08/t034.png,27.98,29.38,0,,,0
S08,35,data/thermal/S08/t035.png,27.94,29.58,0,,,0
S08,36,data/thermal/S08/t036.png,27.91,29.34,0,,,0
S08,37,data/thermal/S08/t037.png,27.88,29.23,0,,,0
S08,38,data/thermal/S08/t038.png,27.84,29.45,0,,,0
S08,39,data/thermal/S08/t039.png,27.79,29.35,0,,,0
S08,40,data/thermal/S08/t040.png,27.76,29.31,0,,,0
S08,41,data/thermal/S08/t041.png,27.74,29.64,0,,,0
S08,42,data/thermal/S08/t042.png,27.68,29.49,0,,,0
S08,43,data/thermal/S08/t043.png,27.67,29.36,0,,,0
S08,44,data/thermal/S08/t044.png,27.61,29.27,0,,,0
S08,45,data/thermal/S08/t045.png,27.58,29.59,2,24.0,23.0,1
S08,46,data/thermal/S08/t046.png,27.53,29.35,0,,,0
S08,47,data/thermal/S08/t047.png,27.53,29.49,1,26.0,23.0,1
S08,48,data/thermal/S08/t048.png,27.49,29.7,3,24.0,24.0,1
S08,49,data/thermal/S08/t049.png,27.47,29.58,1,27.0,22.0,1
S08,50,data/thermal/S08/t050.png,27.42,29.96,2,25.5,24.0,1
S08,51,data/thermal/S08/t051.png,27.39,29.67,3,26.33,25.0,1
S08,52,data/thermal/S08/t052.png,27.38,29.55,6,22.83,24.33,1
S08,53,data/thermal/S08/t053.png,27.35,29.42,5,25.0,24.0,1
S08,54,data/thermal/S08/t054.png,27.28,29.66,6,25.5,25.0,1
S08,55,data/thermal/S08/t055.png,27.27,29.44,8,24.25,24.62,1
S08,56,data/thermal/S08/t056.png,27.25,30.34,16,24.56,24.44,1
S08,57,data/thermal/S08/t057.png,27.23,29.98,21,25.38,23.52,1
S08,58,data/thermal/S08/t058.png,27.2,29.83,22,24.77,23.77,1
S08,59,data/thermal/S08/t059.png,27.17,30.3,23,25.13,24.04,1
S08,60,data/thermal/S08/t060.png,27.15,30.0,25,25.2,24.28,1
S08,61,data/thermal/S08/t061.png,27.13,30.2,34,24.91,23.44,1
S08,62,data/thermal/S08/t062.png,27.09,29.98,40,24.95,23.88,1
S08,63,data/thermal/S08/t063.png,27.08,30.07,44,24.95,23.61,1
S08,64,data/thermal/S08/t064.png,27.05,30.27,47,25.17,24.0,1
S08,65,data/thermal/S08/t065.png,27.05,30.14,56,24.91,24.02,1
S08,66,data/thermal/S08/t066.png,27.02,30.24,54,24.83,24.17,1
S08,67,data/thermal/S08/t067.png,27.0,30.67,65,25.25,23.86,1
S08,68,data/thermal/S08/t068.png,26.99,30.41,67,25.16,23.84,1
S08,69,data/thermal/S08/t069.png,26.98,30.52,72,25.17,23.99,1
S08,70,data/thermal/S08/t070.png,26.96,30.94,85,25.04,24.04,1
S08,71,data/thermal/S08/t071.png,26.94,30.71,90,24.88,24.1,1
S08,72,data/thermal/S08/t072.png,26.92,30.97,98,24.87,23.81,1
S08,73,data/thermal/S08/t073.png,26.94,30.9,107,25.14,24.06,1
S08,74,data/thermal/S08/t074.png,26.93,31.07,107,24.93,23.82,1
S08,75,data/thermal/S08/t075.png,26.92,31.68,119,24.92,23.94,1
S08,76,data/thermal/S08/t076.png,26.92,31.55,122,24.89,23.83,1
S08,77,data/thermal/S08/t077.png,26.92,31.58,135,25.27,24.27,1
S08,78,data/thermal/S08/t078.png,26.91,31.99,146,24.82,24.36,1
S08,79,data/thermal/S08/t079.png,26.93,32.44,154,24.9,24.07,1
S08,80,data/thermal/S08/t080.png,26.94,32.3,163,25.13,24.29,1
S08,81,data/thermal/S08/t081.png,26.94,32.93,167,24.95,24.03,1
S08,82,data/thermal/S08/t082.png,26.96,32.97,191,25.07,24.07,1
S08,83,data/thermal/S08/t083.png,27.02,33.22,224,25.19,23.85,1
S08,84,MISSING,27.15,33.86,272,24.88,24.02,1
S08,85,data/thermal/S08/t085.png,29.08,35.64,1138,24.89,24.15,1
S08,86,data/thermal/S08/t086.png,29.35,36.55,1236,25.02,23.82,1
S08,87,data/thermal/S08/t087.png,29.7,37.59,1363,25.09,23.9,1
S08,88,data/thermal/S08/t088.png,30.14,38.89,1439,25.01,23.87,1
S08,89,data/thermal/S08/t089.png,30.64,40.56,1571,25.12,23.88,1
S08,90,data/thermal/S08/t090.png,31.17,42.19,1654,24.94,24.01,1
S08,91,data/thermal/S08/t091.png,31.77,44.13,1786,25.06,23.8,1
S08,92,data/thermal/S08/t092.png,32.36,46.18,1864,24.91,23.91,1
S08,93,data/thermal/S08/t093.png,33.03,48.32,1956,24.93,23.95,1
S08,94,data/thermal/S08/t094.png,33.72,50.67,2020,24.9,24.2,1
S08,95,data/thermal/S08/t095.png,34.46,52.92,2089,24.84,24.3,1
S08,96,data/thermal/S08/t096.png,35.18,55.44,2128,24.66,24.24,1
S08,97,data/thermal/S08/t097.png,35.92,57.67,2155,24.87,24.2,1
S08,98,data/thermal/S08/t098.png,36.72,60.33,2189,24.89,24.11,1
S08,99,data/thermal/S08/t099.png,37.52,62.96,2211,24.77,24.3,1
S08,100,data/thermal/S08/t100.png,38.31,65.58,2252,24.74,24.19,1
S08,101,data/thermal/S08/t101.png,39.12,68.58,2268,24.72,24.31,1
S08,102,data/thermal/S08/t102.png,39.93,70.66,2291,24.66,24.32,1
S08,103,data/thermal/S08/t103.png,40.75,73.9,2313,24.76,24.32,1
S08,104,data/thermal/S08/t104.png,41.55,76.14,2326,24.68,24.29,1
S08,105,data/thermal/S08/t105.png,42.38,79.08,2338,24.68,24.26,1
S08,106,data/thermal/S08/t106.png,43.21,81.53,2354,24.6,24.35,1
S08,107,data/thermal/S08/t107.png,43.99,84.12,2351,24.69,24.35,1
S08,108,data/thermal/S08/t108.png,44.83,86.62,2361,24.65,24.35,1
S08,109,data/thermal/S08/t109.png,45.61,89.41,2385,24.6,24.25,1
S08,110,data/thermal/S08/t110.png,46.44,91.75,2390,24.66,24.39,1
S08,111,data/thermal/S08/t111.png,47.2,94.52,2399,24.58,24.39,1
S08,112,data/thermal/S08/t112.png,47.99,97.11,2405,24.65,24.42,1
S08,113,data/thermal/S08/t113.png,48.61,99.34,2384,24.36,24.46,1
S08,114,MISSING,49.51,101.82,2418,24.59,24.39,1
S08,115,data/thermal/S08/t115.png,50.26,103.71,2422,24.5,24.43,1
S08,116,data/thermal/S08/t116.png,51.0,106.13,2428,24.59,24.4,1
S08,117,data/thermal/S08/t117.png,51.7,108.49,2423,24.71,24.34,1
S08,118,data/thermal/S08/t118.png,52.43,110.59,2438,24.66,24.35,1
S08,119,data/thermal/S08/t119.png,53.13,112.93,2433,24.62,24.42,1
S08,120,data/thermal/S08/t120.png,53.82,115.4,2447,24.62,24.38,1
