scenario_id,timestamp_min,ambient_temperature,humidity,wind_speed,coal_moisture,CO,CO2,O2,surface_temperature_mean,surface_temperature_max,hotspot_area,hotspot_x,hotspot_y,heating_rate,risk_score,risk_class,mitigation_status
S01,0,30.04,54.92,2.4,12.0,0.0,399.14,20.95,,,0,,,0.0,0.26,NORMAL,0
S01,1,29.85,54.66,2.53,12.0,3.49,398.23,20.88,29.95,29.98,0,,,0.0143,0.82,NORMAL,0
S01,2,30.04,55.38,2.54,12.0,3.47,397.98,20.81,30.28,30.31,0,,,0.3215,7.16,NORMAL,0
S01,3,30.09,55.37,2.48,12.0,3.03,393.33,20.97,30.18,30.22,0,,,-0.0967,2.39,NORMAL,0
S01,4,30.13,55.19,2.6,12.0,0.0,410.19,20.91,30.02,30.07,0,,,-0.1596,3.68,NORMAL,0
S01,5,30.18,55.06,2.53,12.0,2.33,399.3,20.93,30.14,30.18,0,,,0.1192,2.61,NORMAL,0
S01,6,29.11,54.23,2.38,12.0,3.13,400.88,20.98,29.96,30.01,0,,,-0.1744,4.71,NORMAL,0
S01,7,29.91,55.64,2.46,12.0,1.87,400.18,20.97,30.04,30.09,0,,,0.0782,1.93,NORMAL,0
S01,8,29.74,55.29,2.43,12.0,3.11,404.01,20.88,30.13,30.19,0,,,0.0832,2.48,NORMAL,0
S01,9,30.09,54.93,2.66,12.0,0.72,403.42,20.76,30.16,30.23,0,,,0.0342,1.21,NORMAL,0
S01,10,29.99,55.13,2.55,12.0,0.65,400.98,20.85,30.51,30.58,0,,,0.3485,7.83,NORMAL,0
S01,11,30.13,54.89,2.73,12.0,0.46,394.96,20.97,31.17,31.25,0,,,0.661,11.3,NORMAL,0
S01,12,29.57,54.55,2.56,12.0,1.34,401.9,20.75,31.04,31.12,0,,,-0.1305,4.52,NORMAL,0
S01,13,30.05,54.88,2.45,12.0,0.94,400.38,20.9,30.93,31.02,0,,,-0.111,3.37,NORMAL,0
S01,14,30.34,55.22,2.46,12.0,2.22,395.27,20.99,30.89,30.98,0,,,-0.0374,1.55,NORMAL,0
S01,15,29.77,55.06,2.42,12.0,0.0,399.49,20.92,30.99,31.1,0,,,0.1036,3.53,NORMAL,0
S01,16,29.82,55.02,2.55,12.0,0.0,395.5,20.86,31.01,31.12,0,,,0.0152,1.78,NORMAL,0
S01,17,29.71,54.58,2.51,12.0,3.64,397.67,20.91,30.75,30.86,0,,,-0.2559,6.54,NORMAL,0
S01,18,29.92,55.2,2.49,12.0,1.81,406.99,20.93,30.65,30.75,0,,,-0.1075,3.29,NORMAL,0
S01,19,30.03,55.54,2.6,12.0,1.49,398.07,20.72,30.52,30.64,0,,,-0.1208,3.37,NORMAL,0
S01,20,30.17,54.26,2.47,12.0,0.0,402.85,21.0,30.67,30.8,0,,,0.1502,3.8,NORMAL,0
S01,21,29.66,54.54,2.52,12.0,1.59,395.59,20.99,30.81,30.94,0,,,0.1315,4.02,NORMAL,0
S01,22,29.86,54.37,2.48,12.0,3.16,404.76,20.82,30.85,31.0,0,,,0.0473,2.45,NORMAL,0
S01,23,29.96,54.49,2.4,12.0,3.85,406.29,20.98,30.66,30.79,0,,,-0.191,5.02,NORMAL,0
S01,24,30.33,55.98,2.47,12.0,2.23,395.16,20.88,30.6,30.73,0,,,-0.062,1.72,NORMAL,0
S01,25,30.18,55.35,2.4,12.0,1.46,395.2,20.91,30.61,30.74,0,,,0.0071,0.75,NORMAL,0
S01,26,30.02,55.31,2.63,12.0,0.49,396.91,20.89,30.57,30.7,0,,,-0.0395,1.53,NORMAL,0
S01,27,30.09,55.18,2.53,12.0,1.76,396.7,20.96,30.87,31.0,0,,,0.3035,7.01,NORMAL,0
S01,28,29.64,54.67,2.51,12.0,1.27,405.28,20.94,30.52,30.64,0,,,-0.3564,8.27,NORMAL,0
S01,29,30.43,55.01,2.46,12.0,0.98,394.22,20.89,30.83,30.95,0,,,0.3131,6.8,NORMAL,0
S01,30,30.42,53.98,2.52,12.0,4.04,399.37,20.84,30.62,30.74,0,,,-0.2049,4.65,NORMAL,0
S01,31,29.74,55.71,2.45,12.0,0.31,406.3,20.79,30.7,30.8,0,,,0.0812,2.96,NORMAL,0
S01,32,29.77,55.01,2.46,12.0,3.17,400.75,20.88,30.43,30.53,0,,,-0.2705,6.31,NORMAL,0
S01,33,29.74,55.45,2.66,12.0,1.94,396.27,20.97,30.53,30.64,0,,,0.0979,2.88,NORMAL,0
S01,34,29.89,54.9,2.58,12.0,2.73,392.76,20.87,30.47,30.57,0,,,-0.0576,1.93,NORMAL,0
S01,35,29.88,54.95,2.37,12.0,1.43,400.59,20.88,30.44,30.53,0,,,-0.0324,1.35,NORMAL,0
S01,36,30.2,54.35,2.57,12.0,1.31,397.59,20.84,30.69,30.78,0,,,0.2488,5.63,NORMAL,0
S01,37,29.81,54.49,2.61,12.0,1.68,398.74,21.0,30.79,30.86,0,,,0.1012,3.09,NORMAL,0
S01,38,30.12,55.13,2.5,12.0,0.0,406.0,20.88,30.73,30.79,0,,,-0.0629,2.11,NORMAL,0
S01,39,30.2,55.31,2.51,12.0,0.0,394.59,20.8,30.93,30.98,0,,,0.1986,4.86,NORMAL,0
S01,40,30.23,55.08,2.51,12.0,4.26,405.01,20.9,30.57,30.62,0,,,-0.3622,7.95,NORMAL,0
S01,41,29.87,54.76,2.53,12.0,1.25,399.73,20.98,30.62,30.67,0,,,0.0535,1.89,NORMAL,0
S01,42,30.22,54.63,2.33,12.0,2.61,407.07,20.97,30.41,30.45,0,,,-0.2118,4.7,NORMAL,0
S01,43,30.31,54.57,2.58,12.0,2.14,400.27,20.88,30.44,30.46,0,,,0.0355,0.9,NORMAL,0
S01,44,29.99,55.06,2.46,12.0,1.7,396.91,20.82,30.44,30.44,0,,,-0.0063,0.67,NORMAL,0
S01,45,30.19,54.31,2.44,12.0,0.0,402.94,20.95,30.59,30.59,0,,,0.1579,3.65,NORMAL,0
S01,46,29.87,54.91,2.51,12.0,4.78,402.26,20.89,30.43,30.43,0,,,-0.161,4.07,NORMAL,0
S01,47,30.09,55.23,2.53,12.0,2.19,403.29,20.85,30.3,30.3,0,,,-0.1327,3.03,NORMAL,0
S01,48,29.99,54.96,2.62,12.0,1.06,405.29,20.86,30.37,30.37,0,,,0.07,1.97,NORMAL,0
S01,49,30.15,56.13,2.35,12.0,0.97,398.43,20.78,30.41,30.41,0,,,0.0378,1.15,NORMAL,0
S01,50,30.51,54.8,2.45,12.0,3.42,405.14,20.84,30.39,30.39,0,,,-0.0168,0.65,NORMAL,0
S01,51,29.84,55.03,2.47,12.0,2.18,407.83,20.88,29.96,29.96,0,,,-0.4282,8.93,NORMAL,0
S01,52,29.69,54.87,2.56,12.0,1.19,403.44,20.79,29.96,29.96,0,,,-0.0031,0.54,NORMAL,0
S01,53,29.27,54.62,2.45,12.0,1.76,404.17,20.93,,,0,,,0.0884,2.67,NORMAL,0
S01,54,29.54,55.23,2.49,12.0,2.49,404.63,20.85,29.75,29.75,0,,,-0.2979,6.38,NORMAL,0
S01,55,29.88,54.88,2.68,12.0,2.08,398.64,20.93,29.68,29.68,0,,,-0.0705,1.43,NORMAL,0
S01,56,30.08,54.52,2.5,12.0,3.77,402.68,20.99,29.91,29.91,0,,,0.2277,4.77,NORMAL,0
S01,57,30.13,54.43,2.42,12.0,1.37,398.7,20.81,29.8,29.8,0,,,-0.112,2.34,NORMAL,0
S01,58,29.73,54.12,2.49,12.0,0.0,405.57,20.93,29.83,29.83,0,,,0.0373,1.01,NORMAL,0
S01,59,30.69,56.11,2.54,12.0,3.25,399.22,20.9,29.81,29.81,0,,,-0.0189,0.49,NORMAL,0
S01,60,29.78,54.67,2.54,12.0,1.06,407.92,20.84,29.72,29.72,0,,,-0.0911,2.09,NORMAL,0
S01,61,30.57,54.66,2.47,12.0,3.24,401.05,20.9,29.47,29.47,0,,,-0.2502,5.14,NORMAL,0
S01,62,30.26,55.73,2.54,12.0,1.43,402.44,20.84,29.38,29.38,0,,,-0.0953,2.05,NORMAL,0
S01,63,29.44,55.21,2.46,12.0,0.53,404.47,20.93,28.78,28.78,0,,,-0.6022,10.13,NORMAL,0
S01,64,30.1,54.96,2.48,12.0,0.77,394.46,20.94,29.09,29.09,0,,,0.3148,6.31,NORMAL,0
S01,65,30.11,54.59,2.57,12.0,3.27,392.13,20.87,,,0,,,0.1079,2.3,NORMAL,0
S01,66,30.83,55.01,2.51,12.0,0.0,400.13,20.89,29.02,29.02,0,,,-0.1803,3.63,NORMAL,0
S01,67,30.26,54.82,2.38,12.0,2.7,406.2,20.85,29.12,29.12,0,,,0.0998,2.27,NORMAL,0
S01,68,29.56,54.52,2.54,12.0,1.56,406.23,20.99,28.98,28.98,0,,,-0.1382,2.93,NORMAL,0
S01,69,29.82,54.95,2.53,12.0,0.46,402.7,20.83,29.06,29.06,0,,,0.0805,1.76,NORMAL,0
S01,70,30.38,54.82,2.67,12.0,2.33,394.99,21.0,28.89,28.89,0,,,-0.1656,3.35,NORMAL,0
S01,71,29.68,54.97,2.6,12.0,1.98,398.69,20.84,28.96,28.96,0,,,0.0697,1.47,NORMAL,0
S01,72,30.2,54.49,2.47,12.0,2.18,405.3,20.91,29.17,29.17,0,,,0.2059,4.28,NORMAL,0
S01,73,30.06,54.82,2.59,12.0,2.5,394.4,20.97,29.36,29.36,0,,,0.19,3.85,NORMAL,0
S01,74,29.89,55.41,2.51,12.0,2.25,402.24,21.0,29.51,29.51,0,,,0.1461,3.01,NORMAL,0
S01,75,30.44,55.04,2.47,12.0,0.38,393.34,21.0,29.43,29.43,0,,,-0.0727,1.47,NORMAL,0
S01,76,30.1,55.72,2.44,12.0,2.22,404.67,20.83,29.55,29.55,0,,,0.1199,2.61,NORMAL,0
S01,77,29.68,55.87,2.48,12.0,2.72,394.86,20.81,29.41,29.41,0,,,-0.141,2.98,NORMAL,0
S01,78,30.03,54.14,2.51,12.0,0.6,391.67,20.95,29.56,29.56,0,,,0.1479,2.97,NORMAL,0
S01,79,29.77,55.02,2.53,12.0,3.15,388.64,20.98,29.47,29.47,0,,,-0.0899,1.9,NORMAL,0
S01,80,30.19,54.61,2.42,12.0,2.28,397.11,20.87,29.4,29.4,0,,,-0.0729,1.52,NORMAL,0
S01,81,30.22,54.81,2.52,12.0,4.04,401.09,20.89,29.57,29.57,0,,,0.1695,3.6,NORMAL,0
S01,82,30.31,55.29,2.54,12.0,1.03,406.38,20.96,29.88,29.88,0,,,0.3115,6.4,NORMAL,0
S01,83,29.96,54.33,2.52,12.0,0.88,403.41,20.95,29.88,29.88,0,,,0.0009,0.12,NORMAL,0
S01,84,29.99,54.75,2.44,12.0,1.66,393.67,20.83,30.24,30.24,0,,,0.3609,7.56,NORMAL,0
S01,85,30.0,54.89,2.47,12.0,1.19,407.76,20.93,30.23,30.23,0,,,-0.007,0.58,NORMAL,0
S01,86,30.15,54.86,2.53,12.0,2.78,401.64,20.91,30.2,30.2,0,,,-0.0373,0.9,NORMAL,0
S01,87,29.95,54.47,2.57,12.0,2.07,403.39,20.9,29.87,29.87,0,,,-0.3233,6.57,NORMAL,0
S01,88,29.98,54.55,2.52,12.0,4.75,394.82,20.93,29.73,29.73,0,,,-0.1377,2.98,NORMAL,0
S01,89,29.99,55.35,2.49,12.0,0.0,401.23,20.89,30.0,30.0,0,,,0.2623,5.31,NORMAL,0
S01,90,29.78,54.64,2.62,12.0,0.33,398.74,20.92,29.78,29.78,0,,,-0.2172,4.36,NORMAL,0
S01,91,29.8,54.95,2.4,12.0,4.14,398.31,20.9,29.43,29.43,0,,,-0.3454,7.09,NORMAL,0
S01,92,30.13,54.7,2.43,12.0,2.93,398.77,20.96,29.61,29.61,0,,,0.1776,3.64,NORMAL,0
S01,93,29.7,55.3,2.45,12.0,1.75,398.96,21.0,29.61,29.61,0,,,-0.0061,0.14,NORMAL,0
S01,94,29.75,55.37,2.5,12.0,0.26,403.52,20.93,29.54,29.54,0,,,-0.0612,1.33,NORMAL,0
S01,95,29.98,54.23,2.46,12.0,1.18,391.79,20.85,29.34,29.34,0,,,-0.2089,4.24,NORMAL,0
S01,96,30.54,54.68,2.49,12.0,2.05,397.32,20.85,29.89,29.89,0,,,0.5569,10.07,NORMAL,0
S01,97,30.61,55.29,2.58,12.0,0.82,399.47,20.99,29.63,29.63,0,,,-0.2639,5.29,NORMAL,0
S01,98,29.71,54.71,2.42,12.0,2.24,404.63,20.97,,,0,,,-0.0993,2.14,NORMAL,0
S01,99,30.27,54.91,2.57,12.0,2.26,402.66,20.89,29.64,29.64,0,,,0.1151,2.41,NORMAL,0
S01,100,30.18,55.22,2.51,12.0,0.05,400.29,20.79,29.64,29.64,0,,,-0.0056,0.25,NORMAL,0
S01,101,30.07,55.02,2.59,12.0,1.38,401.81,21.0,29.61,29.61,0,,,-0.0309,0.68,NORMAL,0
S01,102,29.8,55.17,2.47,12.0,2.75,398.83,20.82,29.53,29.53,0,,,-0.0821,1.79,NORMAL,0
S01,103,29.8,55.42,2.45,12.0,0.24,404.26,20.96,29.52,29.52,0,,,-0.0021,0.16,NORMAL,0
S01,104,29.86,54.88,2.52,12.0,2.86,404.51,20.84,29.71,29.71,0,,,0.1814,3.88,NORMAL,0
S01,105,29.94,54.86,2.49,12.0,2.77,394.48,21.0,29.83,29.83,0,,,0.1204,2.48,NORMAL,0
S01,106,29.88,54.72,2.41,12.0,0.51,389.9,20.91,30.19,30.19,0,,,0.3614,7.55,NORMAL,0
S01,107,29.76,55.74,2.41,12.0,1.66,396.83,20.96,30.2,30.2,0,,,0.0169,0.8,NORMAL,0
S01,108,29.82,54.99,2.41,12.0,0.85,397.38,20.92,29.92,29.92,0,,,-0.2799,5.72,NORMAL,0
S01,109,29.82,54.49,2.36,12.0,0.87,398.92,20.82,29.74,29.74,0,,,-0.1879,3.86,NORMAL,0
S01,110,29.66,55.36,2.67,12.0,1.33,396.76,20.88,29.81,29.81,0,,,0.0707,1.59,NORMAL,0
S01,111,30.09,55.21,2.62,12.0,1.17,399.98,20.84,29.69,29.69,0,,,-0.1167,2.41,NORMAL,0
S01,112,29.68,54.83,2.45,12.0,0.0,397.18,20.77,29.51,29.51,0,,,-0.1758,3.67,NORMAL,0
S01,113,29.95,54.65,2.52,12.0,1.44,398.53,20.9,29.45,29.45,0,,,-0.0676,1.37,NORMAL,0
S01,114,30.14,55.05,2.48,12.0,2.15,402.25,20.92,29.38,29.38,0,,,-0.0705,1.49,NORMAL,0
S01,115,30.04,55.03,2.51,12.0,4.61,406.95,20.82,29.15,29.15,0,,,-0.23,5.06,NORMAL,0
S01,116,29.96,55.4,2.48,12.0,3.63,396.11,20.92,29.23,29.23,0,,,0.0884,1.9,NORMAL,0
S01,117,30.13,54.74,2.53,12.0,1.51,392.29,20.92,29.0,29.0,0,,,-0.2322,4.66,NORMAL,0
S01,118,30.09,55.33,2.45,12.0,0.98,407.21,20.96,28.84,28.84,0,,,-0.1654,3.5,NORMAL,0
S01,119,30.33,55.42,2.52,12.0,2.54,396.09,20.81,28.67,28.67,0,,,-0.1662,3.46,NORMAL,0
S01,120,30.18,55.07,2.38,12.0,3.59,402.14,21.0,28.46,28.46,0,,,-0.2106,4.4,NORMAL,0
S02,0,29.6,51.97,1.99,10.0,6.73,406.29,20.88,29.78,29.8,0,,,0.0,1.04,NORMAL,0
S02,1,29.96,51.69,1.92,10.0,4.56,407.65,20.73,30.11,30.15,0,,,0.3284,7.63,NORMAL,0
S02,2,30.07,51.75,1.89,10.0,7.16,409.67,20.8,29.62,29.66,0,,,-0.4829,10.75,NORMAL,0
S02,3,30.08,52.37,2.05,10.0,8.47,411.54,20.86,30.02,30.06,0,,,0.4019,9.28,NORMAL,0
S02,4,30.21,52.38,2.06,10.0,6.4,410.08,20.86,30.13,30.16,0,,,0.1045,3.16,NORMAL,0
S02,5,30.83,52.34,2.06,10.0,4.21,408.11,20.81,30.15,30.2,0,,,0.021,1.37,NORMAL,0
S02,6,30.3,51.86,1.97,10.0,6.08,408.79,20.69,30.22,30.29,0,,,0.0735,2.72,NORMAL,0
S02,7,29.66,52.32,1.89,10.0,5.49,409.79,20.85,30.12,30.2,0,,,-0.1034,3.7,NORMAL,0
S02,8,29.91,52.59,1.98,10.0,6.63,405.36,20.84,30.04,30.13,0,,,-0.0829,2.94,NORMAL,0
S02,9,29.16,51.38,2.01,10.0,7.21,404.94,20.88,30.3,30.37,0,,,0.2598,7.5,NORMAL,0
S02,10,30.27,52.23,2.09,10.0,4.96,414.09,20.77,30.14,30.2,0,,,-0.1599,4.51,NORMAL,0
S02,11,29.94,52.27,2.21,10.0,4.22,411.25,20.81,30.23,30.29,0,,,0.0978,3.53,NORMAL,0
S02,12,30.28,52.15,1.99,10.0,5.74,411.83,20.8,30.74,30.81,0,,,0.5097,11.89,NORMAL,0
S02,13,30.5,52.08,1.99,10.0,6.74,406.65,20.79,30.82,30.88,0,,,0.0764,3.28,NORMAL,0
S02,14,30.23,51.68,1.95,10.0,7.05,416.57,20.85,30.93,30.98,0,,,0.1044,4.48,NORMAL,0
S02,15,30.35,50.98,1.93,10.0,6.22,409.1,20.76,31.11,31.18,0,,,0.1884,6.16,NORMAL,0
S02,16,29.81,51.63,2.04,10.0,5.95,406.3,20.8,30.89,30.96,0,,,-0.2284,7.2,NORMAL,0
S02,17,30.03,52.4,1.85,10.0,4.79,406.35,20.8,30.92,31.01,0,,,0.0364,3.17,NORMAL,0
S02,18,30.09,52.35,2.07,10.0,5.5,409.65,20.84,30.78,30.89,0,,,-0.1426,5.24,NORMAL,0
S02,19,29.72,51.69,2.12,10.0,6.94,417.17,20.93,31.32,31.44,0,,,0.5407,13.56,NORMAL,0
S02,20,29.6,52.23,2.0,10.0,6.83,412.24,20.85,31.11,31.23,0,,,-0.2072,7.61,NORMAL,0
S02,21,29.92,52.41,2.18,10.0,5.3,406.82,20.88,31.1,31.25,0,,,-0.0108,3.13,NORMAL,0
S02,22,29.63,52.38,1.95,10.0,5.82,403.91,20.92,31.41,31.57,0,,,0.305,9.64,NORMAL,0
S02,23,29.76,52.7,1.97,10.0,3.99,409.87,20.83,31.68,31.86,0,,,0.2759,9.39,NORMAL,0
S02,24,30.37,52.22,1.94,10.0,7.73,412.9,20.74,31.48,31.69,0,,,-0.1978,7.56,NORMAL,0
S02,25,29.79,51.79,1.98,10.0,7.31,407.9,20.76,31.46,31.69,0,,,-0.0217,4.5,NORMAL,0
S02,26,30.11,52.65,2.11,10.0,6.43,411.0,20.81,31.69,31.96,0,,,0.2254,8.45,NORMAL,0
S02,27,30.15,52.93,2.08,10.0,4.29,407.28,20.89,31.68,31.96,0,,,-0.0055,3.72,NORMAL,0
S02,28,29.85,51.55,1.93,10.0,,412.55,20.86,31.84,32.15,0,,,0.1618,7.72,NORMAL,0
S02,29,30.02,51.33,2.03,10.0,9.13,413.09,20.7,32.01,32.34,0,,,0.1698,8.29,NORMAL,0
S02,30,29.7,52.39,1.91,10.0,4.67,411.68,20.91,32.08,32.4,0,,,0.07,6.19,NORMAL,0
S02,31,30.36,52.43,1.98,10.0,7.36,401.0,20.85,32.24,32.56,0,,,0.1554,7.42,NORMAL,0
S02,32,29.73,52.75,2.04,10.0,5.89,405.29,20.77,32.43,32.76,0,,,0.1896,9.06,NORMAL,0
S02,33,30.31,51.79,2.07,10.0,7.23,414.53,20.82,32.46,32.79,0,,,0.032,5.72,NORMAL,0
S02,34,29.79,51.77,1.97,10.0,6.07,409.28,20.93,32.34,32.68,0,,,-0.124,7.74,NORMAL,0
S02,35,30.11,52.41,1.96,10.0,6.94,409.51,20.91,32.32,32.67,0,,,-0.0226,5.49,NORMAL,0
S02,36,29.87,51.13,1.92,10.0,6.64,404.78,20.79,32.27,32.65,0,,,-0.0454,6.18,NORMAL,0
S02,37,30.17,51.76,1.95,10.0,6.28,411.79,20.76,32.35,32.75,0,,,0.0822,6.94,NORMAL,0
S02,38,29.93,51.56,2.03,10.0,4.77,413.77,20.84,32.12,32.55,0,,,-0.2343,9.93,NORMAL,0
S02,39,29.98,52.36,1.95,10.0,7.71,411.75,20.71,31.96,32.4,0,,,-0.1606,8.58,NORMAL,0
S02,40,29.82,51.73,2.04,10.0,5.93,415.18,20.77,31.85,32.3,0,,,-0.1025,7.44,NORMAL,0
S02,41,30.08,51.94,2.09,10.0,7.39,405.52,20.86,31.65,32.1,0,,,-0.208,8.9,NORMAL,0
S02,42,30.15,52.09,1.95,10.0,8.03,412.36,20.87,31.73,32.21,0,,,0.0806,6.68,NORMAL,0
S02,43,29.85,52.04,1.91,10.0,,398.69,20.85,31.79,32.32,0,,,0.0654,6.36,NORMAL,0
S02,44,29.79,52.38,1.88,10.0,8.52,415.43,20.94,31.74,32.3,0,,,-0.0516,6.72,NORMAL,0
S02,45,30.08,52.04,2.16,10.0,8.92,407.22,20.84,31.62,32.21,0,,,-0.122,7.66,NORMAL,0
S02,46,30.27,52.49,2.09,10.0,5.43,415.48,20.8,31.49,32.1,0,,,-0.1259,7.48,NORMAL,0
S02,47,30.05,51.81,2.0,10.0,7.3,407.49,20.83,,,0,,,0.1037,7.35,NORMAL,0
S02,48,30.05,51.83,1.97,10.0,,409.25,20.75,31.95,32.62,0,,,0.3546,12.84,NORMAL,0
S02,49,29.67,51.96,2.12,10.0,6.42,409.47,20.88,32.09,32.78,0,,,0.1388,9.03,NORMAL,0
S02,50,30.01,52.44,1.97,10.0,7.81,417.69,20.82,31.93,32.65,0,,,-0.1597,9.39,NORMAL,0
S02,51,29.79,51.91,2.09,10.0,7.25,410.49,20.85,31.93,32.69,0,,,0.0006,6.3,NORMAL,0
S02,52,30.1,51.67,1.95,10.0,5.75,406.08,20.87,31.98,32.75,0,,,0.0497,6.85,NORMAL,0
S02,53,29.94,51.87,1.99,10.0,7.9,406.89,20.84,31.82,32.6,0,,,-0.1609,9.44,NORMAL,0
S02,54,29.62,51.88,2.13,10.0,8.67,414.05,20.87,,,0,,,-0.0602,7.97,NORMAL,0
S02,55,30.37,52.66,1.9,10.0,7.27,411.29,20.8,31.58,32.42,0,,,-0.1755,9.35,NORMAL,0
S02,56,30.38,51.57,1.92,10.0,8.81,417.01,20.88,31.48,32.33,0,,,-0.1082,8.15,NORMAL,0
S02,57,30.0,52.08,1.96,10.0,8.37,416.45,20.84,31.26,32.17,0,,,-0.214,10.58,NORMAL,0
S02,58,30.47,52.52,1.96,10.0,6.86,416.19,20.88,31.27,32.21,0,,,0.0053,5.92,NORMAL,0
S02,59,29.86,52.66,2.01,10.0,7.6,414.46,20.9,31.16,32.14,0,,,-0.1037,8.51,NORMAL,0
S02,60,29.5,52.44,2.13,10.0,7.32,414.48,20.79,31.14,32.15,0,,,-0.0253,7.47,NORMAL,0
S02,61,29.82,51.42,1.95,10.0,9.17,407.36,20.91,31.22,32.26,0,,,0.0769,8.24,NORMAL,0
S02,62,29.64,52.3,2.07,10.0,7.73,412.44,20.91,31.19,32.26,0,,,-0.0242,7.48,NORMAL,0
S02,63,30.12,52.54,2.04,10.0,9.17,409.8,20.76,31.23,32.35,0,,,0.0351,7.57,NORMAL,0
S02,64,30.38,51.89,2.06,10.0,7.51,412.74,20.82,31.27,32.44,0,,,0.0462,7.61,NORMAL,0
S02,65,30.1,52.35,2.04,10.0,8.42,412.38,20.74,31.17,32.37,16,23.69,25.97,-0.0985,9.32,NORMAL,0
S02,66,29.89,52.55,1.97,10.0,8.0,412.12,20.71,31.12,32.36,17,24.03,25.39,-0.0545,8.69,NORMAL,0
S02,67,30.39,51.94,1.93,10.0,9.73,415.49,20.8,31.37,32.64,17,23.95,25.35,0.2491,12.63,NORMAL,0
S02,68,30.02,52.05,1.99,10.0,7.33,414.76,20.78,31.21,32.53,18,23.17,26.14,-0.1549,10.96,NORMAL,0
S02,69,29.79,51.96,2.12,10.0,8.57,412.74,20.81,31.14,32.49,19,23.54,25.89,-0.0759,9.67,NORMAL,0
S02,70,29.69,51.75,1.93,10.0,9.47,417.29,20.73,31.14,32.53,20,24.72,26.93,0.0017,8.74,NORMAL,0
S02,71,30.14,52.29,1.98,10.0,11.85,424.77,20.85,31.0,32.43,20,24.45,27.03,-0.1433,11.38,NORMAL,0
S02,72,30.03,51.89,1.87,10.0,12.41,412.78,20.77,31.17,32.64,21,24.64,26.35,0.1787,12.33,NORMAL,0
S02,73,30.33,51.9,1.98,10.0,9.37,418.83,20.83,31.89,33.43,22,24.85,25.75,0.7159,19.27,NORMAL,0
S02,74,29.98,52.67,2.1,10.0,10.82,414.05,20.73,32.16,33.75,23,23.82,25.47,0.2697,15.49,NORMAL,0
S02,75,29.66,52.27,2.15,10.0,10.55,411.6,20.71,32.02,33.64,24,24.42,25.61,-0.1398,13.19,NORMAL,0
S02,76,29.93,52.13,1.97,10.0,10.08,411.68,20.81,32.34,34.01,25,24.1,26.57,0.3147,16.8,NORMAL,0
S02,77,29.88,51.86,1.87,10.0,9.99,421.69,20.7,32.14,33.86,26,23.86,25.9,-0.1975,14.84,NORMAL,0
S02,78,29.99,52.61,2.08,10.0,10.39,419.73,20.72,32.33,34.12,27,24.24,25.42,0.1918,14.97,NORMAL,0
S02,79,29.48,51.83,2.01,10.0,11.01,411.38,20.77,32.32,34.17,28,24.64,26.79,-0.0125,11.89,NORMAL,0
S02,80,30.08,50.99,1.98,10.0,11.62,423.63,20.77,32.23,34.13,29,22.62,26.16,-0.0855,13.18,NORMAL,0
S02,81,30.06,52.03,2.02,10.0,11.95,417.17,20.85,32.29,34.23,30,24.32,26.16,0.0583,12.7,NORMAL,0
S02,82,30.08,52.04,1.91,10.0,12.4,419.84,20.83,32.41,34.42,32,24.04,25.44,0.1244,14.46,NORMAL,0
S02,83,29.7,52.7,1.96,10.0,13.57,423.22,20.76,32.38,34.46,33,23.7,25.64,-0.0316,13.44,NORMAL,0
S02,84,30.06,52.4,1.88,10.0,12.5,420.25,20.75,32.54,34.69,35,23.98,26.38,0.1548,15.84,NORMAL,0
S02,85,30.25,52.26,2.01,10.0,13.71,431.24,20.72,32.41,34.62,36,23.92,25.54,-0.126,15.62,NORMAL,0
S02,86,30.15,52.43,2.16,10.0,14.14,426.92,20.76,32.3,34.58,37,23.79,26.12,-0.1127,15.51,NORMAL,0
S02,87,30.09,51.47,2.08,10.0,15.32,425.68,20.79,32.1,34.43,39,24.25,25.42,-0.2021,17.45,NORMAL,0
S02,88,30.24,51.82,2.06,10.0,14.51,423.5,20.73,31.98,34.41,41,24.06,26.51,-0.112,15.64,NORMAL,0
S02,89,30.17,52.18,2.03,10.0,15.0,418.89,20.66,32.26,34.76,42,24.02,27.23,0.2791,19.61,NORMAL,0
S02,90,29.88,52.13,1.99,10.0,16.07,426.76,20.75,32.21,34.77,44,24.45,25.05,-0.057,15.91,NORMAL,0
S02,91,29.92,51.88,2.08,10.0,18.43,430.17,20.81,32.47,35.11,46,23.51,26.31,0.2652,20.81,LOW,0
S02,92,30.4,51.82,2.07,10.0,18.22,428.25,20.77,32.39,35.09,48,24.26,25.93,-0.0839,16.95,NORMAL,0
S02,93,29.74,52.63,2.0,10.0,18.14,430.19,20.72,32.24,35.04,50,24.43,26.22,-0.1461,19.2,NORMAL,0
S02,94,29.98,52.12,1.95,10.0,15.11,435.04,20.66,32.48,35.37,52,24.34,25.65,0.2412,21.44,LOW,0
S02,95,29.98,51.56,2.01,10.0,19.35,424.77,20.59,32.23,35.2,54,23.99,26.54,-0.2571,22.05,LOW,0
S02,96,30.46,52.57,2.12,10.0,18.9,442.73,20.81,32.12,35.2,57,23.88,26.13,-0.1019,19.04,NORMAL,0
S02,97,30.46,52.04,2.07,10.0,22.9,441.02,20.74,32.24,35.39,59,24.41,25.14,0.1141,20.19,LOW,0
S02,98,29.94,52.47,2.02,10.0,24.3,442.81,20.63,32.22,35.46,62,24.21,25.57,-0.0188,19.57,NORMAL,0
S02,99,30.43,51.4,2.01,10.0,25.53,432.25,20.56,32.11,35.45,65,23.84,26.06,-0.1106,21.28,LOW,0
S02,100,30.07,51.53,2.07,10.0,28.35,441.94,20.62,31.95,35.38,68,23.88,25.69,-0.1547,23.37,LOW,0
S02,101,29.75,52.35,2.04,10.0,27.17,455.94,20.59,32.22,35.75,71,24.53,26.5,0.2619,27.07,LOW,0
S02,102,30.19,51.68,1.89,10.0,32.55,454.0,20.55,32.35,36.01,76,23.38,26.35,0.1299,25.36,LOW,0
S02,103,29.74,51.79,2.05,10.0,36.29,469.54,20.47,32.55,36.34,80,23.92,26.08,0.2087,29.21,LOW,0
S02,104,30.45,52.4,1.93,10.0,40.52,476.93,20.47,32.39,36.31,85,24.16,25.44,-0.1622,29.01,LOW,0
S02,105,30.16,51.69,1.83,10.0,50.06,492.05,20.6,32.37,36.41,91,24.15,25.56,-0.0249,28.81,LOW,0
S02,106,30.07,52.68,2.09,10.0,65.29,510.97,20.35,32.5,36.69,97,24.42,25.88,0.1301,34.63,LOW,0
S02,107,29.81,52.52,2.07,10.0,82.24,543.38,20.1,32.69,37.04,106,24.4,25.61,0.1937,40.94,MEDIUM,0
S02,108,29.93,51.63,2.15,10.0,125.96,609.22,19.84,32.72,37.26,118,23.83,25.79,0.0324,43.77,MEDIUM,0
S02,109,29.87,51.8,2.02,10.0,243.77,821.48,18.93,32.96,37.7,138,23.53,26.37,0.2336,60.47,HIGH,0
S02,110,29.71,52.0,2.01,10.0,1352.76,2650.45,14.21,33.43,38.52,216,23.84,25.8,0.4717,73.96,HIGH,0
S02,111,29.74,51.42,2.03,10.0,136022.72,219903.45,5.0,33.7,39.29,709,23.32,26.2,0.2679,88.78,CRITICAL,0
S02,112,30.34,52.88,1.9,10.0,169689.19,274221.45,5.0,33.79,40.04,792,24.87,26.24,0.0912,86.43,CRITICAL,0
S02,113,29.89,51.79,1.82,10.0,178107.52,287801.9,5.0,33.91,40.95,892,24.78,27.05,0.1192,88.45,CRITICAL,0
S02,114,29.53,51.51,1.93,10.0,180210.56,291186.23,5.0,33.62,41.61,1013,23.72,25.71,-0.2886,92.85,CRITICAL,0
S02,115,30.25,52.36,1.97,10.0,180737.66,292041.43,5.0,34.16,43.2,1145,24.23,25.72,0.5395,97.95,CRITICAL,0
S02,116,29.7,52.01,2.11,10.0,180869.48,292252.86,5.0,34.24,44.41,1288,23.9,25.89,0.0854,91.42,CRITICAL,0
S02,117,30.29,51.66,1.95,10.0,180901.98,292310.56,5.0,34.25,45.63,1441,24.28,25.7,0.0096,90.19,CRITICAL,0
S02,118,30.39,51.74,1.97,10.0,180909.06,292324.51,5.0,34.63,47.32,1607,23.45,25.96,0.3765,97.53,CRITICAL,0
S02,119,29.73,51.82,1.86,10.0,180911.98,292317.22,5.0,34.47,48.51,1778,23.97,25.84,-0.1591,93.18,CRITICAL,0
S02,120,30.26,51.35,1.99,10.0,180911.91,292315.87,5.0,34.78,50.23,1957,24.92,26.03,0.3101,96.2,CRITICAL,0
S03,0,31.04,48.11,1.73,9.0,8.29,413.07,20.84,30.89,30.93,0,,,0.0,1.25,NORMAL,0
S03,1,31.05,48.09,1.88,9.0,12.64,420.23,20.72,31.06,31.11,0,,,0.1731,5.52,NORMAL,0
S03,2,30.9,47.94,1.92,9.0,12.66,416.11,20.72,31.13,31.19,0,,,0.0691,3.66,NORMAL,0
S03,3,30.82,47.52,1.81,9.0,13.98,414.51,20.75,30.95,31.02,0,,,-0.1767,5.84,NORMAL,0
S03,4,30.77,47.86,1.73,9.0,10.86,411.57,20.67,31.13,31.21,0,,,0.1728,5.86,NORMAL,0
S03,5,30.97,48.49,1.82,9.0,12.39,420.62,20.69,31.31,31.4,0,,,0.1811,6.45,NORMAL,0
S03,6,31.21,48.07,1.91,9.0,11.44,418.98,20.64,31.41,31.52,0,,,0.1041,4.84,NORMAL,0
S03,7,30.96,48.08,1.84,9.0,9.71,416.6,20.76,31.45,31.58,0,,,0.0401,3.65,NORMAL,0
S03,8,31.44,47.86,1.86,9.0,14.01,421.15,20.69,30.95,31.08,0,,,-0.5009,12.81,NORMAL,0
S03,9,31.15,47.54,1.76,9.0,11.95,419.74,20.66,30.87,31.0,0,,,-0.0852,4.45,NORMAL,0
S03,10,30.77,48.59,1.66,9.0,12.67,419.06,20.69,31.02,31.17,0,,,0.1575,6.42,NORMAL,0
S03,11,30.89,48.16,1.79,9.0,14.47,417.07,20.76,30.82,31.01,0,,,-0.204,7.19,NORMAL,0
S03,12,30.65,48.12,1.71,9.0,14.9,412.56,20.69,30.91,31.12,0,,,0.0902,5.4,NORMAL,0
S03,13,31.29,47.75,1.75,9.0,12.98,413.5,20.8,31.16,31.38,0,,,0.2538,8.21,NORMAL,0
S03,14,30.94,48.35,1.82,9.0,12.31,433.27,20.74,31.0,31.25,0,,,-0.1665,7.35,NORMAL,0
S03,15,31.32,47.46,1.97,9.0,13.76,417.74,20.68,30.88,31.14,0,,,-0.1208,6.03,NORMAL,0
S03,16,30.54,47.71,1.82,9.0,13.94,425.0,20.68,30.84,31.11,0,,,-0.0329,5.2,NORMAL,0
S03,17,30.43,48.46,1.88,9.0,13.88,425.38,20.75,30.69,30.98,0,,,-0.1551,7.73,NORMAL,0
S03,18,30.93,47.41,1.9,9.0,14.91,429.97,20.74,30.42,30.74,0,,,-0.2671,9.76,NORMAL,0
S03,19,31.33,47.8,1.9,9.0,14.69,437.58,20.76,30.82,31.16,0,,,0.3959,12.6,NORMAL,0
S03,20,31.12,47.85,1.89,9.0,14.1,432.06,20.65,30.67,31.05,0,,,-0.1452,7.74,NORMAL,0
S03,21,30.91,48.14,1.89,9.0,14.93,428.03,20.64,30.8,31.22,0,,,0.1303,7.85,NORMAL,0
S03,22,31.09,48.29,1.81,9.0,17.91,420.26,20.73,30.61,31.08,0,,,-0.1903,8.83,NORMAL,0
S03,23,30.92,48.71,1.76,9.0,17.0,437.1,20.67,30.47,30.97,0,,,-0.1406,8.45,NORMAL,0
S03,24,31.02,48.21,1.84,9.0,17.8,429.44,20.8,30.51,31.04,0,,,0.0408,6.35,NORMAL,0
S03,25,31.23,49.03,1.83,9.0,15.34,425.5,20.71,30.9,31.48,0,,,0.3879,13.55,NORMAL,0
S03,26,30.88,48.36,1.85,9.0,17.6,427.94,20.69,31.02,31.65,0,,,0.1221,9.26,NORMAL,0
S03,27,30.7,48.42,1.77,9.0,18.75,433.26,20.64,31.07,31.74,0,,,0.0512,8.58,NORMAL,0
S03,28,31.2,47.96,1.72,9.0,19.84,442.74,20.67,30.9,31.6,0,,,-0.1729,10.9,NORMAL,0
S03,29,31.42,47.59,1.91,9.0,21.02,437.84,20.71,31.15,31.89,0,,,0.2462,12.65,NORMAL,0
S03,30,30.73,48.59,1.65,9.0,,436.63,20.66,31.58,32.36,0,,,0.4356,18.07,NORMAL,0
S03,31,31.14,47.84,1.8,9.0,24.3,445.32,20.72,31.61,32.47,0,,,0.0263,10.19,NORMAL,0
S03,32,31.29,47.87,1.8,9.0,24.57,444.93,20.65,31.8,32.73,0,,,0.194,14.06,NORMAL,0
S03,33,31.06,48.22,1.74,9.0,26.32,437.82,20.62,31.69,32.68,0,,,-0.1138,12.97,NORMAL,0
S03,34,30.34,47.82,1.7,9.0,28.79,452.41,20.46,31.34,32.38,0,,,-0.351,19.26,NORMAL,0
S03,35,30.97,48.45,1.83,9.0,28.33,453.67,20.39,31.04,32.13,0,,,-0.2968,17.79,NORMAL,0
S03,36,31.26,48.34,1.94,9.0,32.11,453.17,20.5,30.92,32.08,0,,,-0.1201,14.53,NORMAL,0
S03,37,31.13,47.87,1.88,9.0,34.18,464.02,20.43,31.28,32.52,21,25.62,24.78,0.3616,21.29,LOW,0
S03,38,31.46,48.03,1.85,9.0,38.55,470.48,20.49,31.57,32.9,23,27.09,24.02,0.2918,21.01,LOW,0
S03,39,30.9,47.1,1.8,9.0,42.24,480.08,20.37,32.06,33.5,26,25.55,24.51,0.4875,27.57,LOW,0
S03,40,31.37,46.96,1.71,9.0,49.77,489.04,20.41,32.31,33.85,29,24.87,23.16,0.2444,24.34,LOW,0
S03,41,30.98,48.1,1.77,9.0,61.33,508.99,20.19,31.98,33.63,32,26.33,23.91,-0.3306,29.05,LOW,0
S03,42,31.04,47.93,1.99,9.0,77.47,537.74,20.16,32.15,33.93,37,26.14,24.43,0.1774,29.87,LOW,0
S03,43,31.11,48.57,1.81,9.0,108.09,591.87,19.91,32.13,34.05,42,26.81,23.5,-0.0257,33.26,LOW,0
S03,44,31.13,47.47,1.87,9.0,176.7,715.8,19.24,31.92,34.05,52,26.99,24.26,-0.2095,48.88,MEDIUM,0
S03,45,30.89,47.88,1.83,9.0,453.05,1191.32,17.51,31.75,34.07,70,26.82,23.81,-0.1717,55.34,MEDIUM,0
S03,46,30.77,47.51,1.74,9.0,8312.93,13826.01,5.0,31.85,34.59,307,25.17,25.05,0.102,73.47,HIGH,0
S03,47,31.08,47.55,1.78,9.0,273445.07,441643.16,5.0,32.14,35.48,422,26.05,24.53,0.2929,80.53,CRITICAL,0
S03,48,31.08,48.67,1.88,9.0,339730.51,548603.88,5.0,32.2,36.27,516,26.09,23.51,0.0559,77.76,HIGH,0
S03,49,31.11,47.94,1.85,9.0,356300.97,575334.77,5.0,32.27,37.19,624,26.58,23.99,0.0715,80.31,CRITICAL,0
S03,50,30.84,47.55,1.91,9.0,360442.27,582021.24,5.0,32.72,38.62,747,26.25,23.9,0.4537,91.19,CRITICAL,0
S03,51,31.22,48.2,1.89,9.0,361476.88,583699.15,5.0,33.1,40.11,888,25.54,24.01,0.3752,91.39,CRITICAL,0
S03,52,31.1,47.79,1.74,9.0,361736.95,584106.54,5.0,33.47,41.67,1039,26.48,24.25,0.371,93.0,CRITICAL,0
S03,53,31.08,48.61,1.81,9.0,361801.67,584212.36,5.0,33.74,43.22,1201,26.61,24.9,0.2713,92.57,CRITICAL,0
S03,54,30.88,48.27,1.77,9.0,361817.82,584237.59,5.0,34.28,45.11,1371,25.66,23.61,0.5386,99.23,CRITICAL,0
S03,55,30.8,47.65,1.75,9.0,361821.51,584232.54,5.0,34.46,46.7,1550,26.02,24.58,0.1841,93.68,CRITICAL,0
S03,56,31.5,48.42,1.75,9.0,361824.61,584242.52,5.0,34.65,48.35,1736,26.15,23.78,0.1843,93.69,CRITICAL,0
S03,57,30.71,48.12,1.82,9.0,361822.45,584246.2,5.0,34.97,50.17,1926,25.16,23.61,0.3226,96.45,CRITICAL,0
S03,58,30.73,48.51,1.81,9.0,361820.49,584249.08,5.0,35.79,52.58,2128,27.11,24.44,0.8166,100.0,CRITICAL,0
S03,59,30.84,48.08,1.8,9.0,361821.59,584243.99,5.0,36.35,54.75,2330,26.21,24.05,0.5687,100.0,CRITICAL,0
S03,60,31.16,47.73,1.75,9.0,361823.86,584250.51,5.0,36.85,56.86,2500,25.98,23.79,0.4943,99.89,CRITICAL,0
S03,61,31.13,48.57,1.78,9.0,361820.59,584247.79,5.0,37.55,59.2,2500,26.53,23.51,0.7061,100.0,CRITICAL,0
S03,62,30.79,47.69,1.81,9.0,361822.36,584250.26,5.0,38.31,61.59,2500,26.65,24.11,0.7603,100.0,CRITICAL,0
S03,63,31.06,47.65,1.78,9.0,361823.14,584238.75,5.0,39.31,64.24,2500,25.4,25.25,0.9907,100.0,CRITICAL,0
S03,64,30.93,48.19,1.8,9.0,361825.92,584245.05,5.0,39.9,66.5,2500,26.16,24.3,0.5982,100.0,CRITICAL,0
S03,65,30.84,48.31,1.75,9.0,,584247.74,5.0,40.84,69.09,2500,26.14,24.09,0.9406,100.0,CRITICAL,0
S03,66,30.87,47.94,1.91,9.0,361821.78,584247.97,5.0,42.04,71.94,2500,26.77,23.38,1.1926,100.0,CRITICAL,0
S03,67,30.81,48.21,1.82,9.0,361822.69,584242.48,5.0,42.67,74.24,2500,26.31,23.91,0.6306,100.0,CRITICAL,0
S03,68,31.07,48.05,1.79,9.0,361823.78,584250.82,5.0,43.7,76.94,2500,25.78,23.78,1.034,100.0,CRITICAL,0
S03,69,30.62,48.41,1.84,9.0,361824.47,584250.05,5.0,,,2500,25.35,24.79,1.0935,100.0,CRITICAL,0
S03,70,31.32,48.56,1.95,9.0,361822.39,584251.48,5.0,45.72,82.25,2500,25.92,23.83,0.922,100.0,CRITICAL,0
S03,71,31.28,47.7,1.86,9.0,361824.43,584244.28,5.0,47.02,85.19,2500,26.13,23.48,1.3025,100.0,CRITICAL,0
S03,72,31.01,47.74,1.82,9.0,361822.54,584243.55,5.0,48.25,88.02,2500,26.71,24.05,1.2326,100.0,CRITICAL,0
S03,73,31.15,48.55,1.74,9.0,361820.7,584244.41,5.0,49.61,90.97,2500,26.52,24.29,1.3536,100.0,CRITICAL,0
S03,74,30.8,48.24,1.85,9.0,361825.21,584246.98,5.0,50.76,93.69,2500,26.19,23.33,1.1555,100.0,CRITICAL,0
S03,75,31.61,49.05,1.78,9.0,361823.08,584246.05,5.0,52.33,96.8,2500,25.71,23.57,1.5672,100.0,CRITICAL,0
S03,76,30.8,47.99,1.76,9.0,361823.83,584249.07,5.0,53.9,99.87,2500,25.09,23.22,1.5676,100.0,CRITICAL,0
S03,77,30.99,48.01,1.87,9.0,361824.01,584246.47,5.0,55.42,102.89,2500,25.98,23.64,1.5287,100.0,CRITICAL,0
S03,78,31.19,48.68,1.71,9.0,361822.97,584249.09,5.0,56.65,105.59,2500,25.59,24.57,1.2205,100.0,CRITICAL,0
S03,79,31.27,48.13,1.78,9.0,361823.39,584247.76,5.0,58.26,108.66,2500,26.56,24.89,1.6189,100.0,CRITICAL,0
S03,80,31.37,47.89,1.86,9.0,361823.4,584249.12,5.0,60.11,111.91,2500,26.3,23.42,1.8472,100.0,CRITICAL,0
S03,81,31.23,47.56,1.64,9.0,361820.95,584249.1,5.0,61.75,114.91,2500,26.12,24.44,1.6383,100.0,CRITICAL,0
S03,82,30.74,47.35,1.77,9.0,361821.8,584245.98,5.0,63.06,117.57,2500,25.62,23.73,1.3085,100.0,CRITICAL,0
S03,83,30.84,47.13,1.81,9.0,361825.16,584249.5,5.0,64.38,120.2,2500,26.05,23.49,1.3231,100.0,CRITICAL,0
S03,84,30.89,47.65,1.88,9.0,361822.67,584249.52,5.0,66.08,123.21,2500,25.33,23.9,1.6945,100.0,CRITICAL,0
S03,85,31.05,47.88,1.84,9.0,361824.12,584256.57,5.0,,,2500,26.14,24.12,1.8362,100.0,CRITICAL,0
S03,86,30.79,48.33,1.73,9.0,361825.29,584248.3,5.0,69.1,128.73,2500,26.35,23.93,1.1836,100.0,CRITICAL,0
S03,87,30.85,48.24,1.67,9.0,361823.81,584246.87,5.0,71.05,131.91,2500,25.47,24.2,1.9588,100.0,CRITICAL,0
S03,88,31.14,47.77,1.66,9.0,361824.03,584248.67,5.0,72.94,134.99,2500,26.37,23.6,1.8889,100.0,CRITICAL,0
S03,89,31.02,48.2,1.83,9.0,361821.78,584248.8,5.0,74.29,137.5,2500,24.91,24.22,1.3497,100.0,CRITICAL,0
S03,90,31.03,47.58,1.89,9.0,361822.51,584251.36,5.0,75.72,140.07,2500,26.02,23.85,1.4317,100.0,CRITICAL,0
S03,91,30.84,48.1,1.77,9.0,361823.47,584248.96,5.0,77.69,143.15,2500,25.44,24.3,1.9678,100.0,CRITICAL,0
S03,92,30.99,47.95,1.87,9.0,361823.51,584251.89,5.0,79.38,145.92,2500,25.33,24.65,1.6889,100.0,CRITICAL,0
S03,93,30.93,48.42,1.81,9.0,361822.32,584243.34,5.0,81.0,148.58,2500,26.21,24.06,1.6168,100.0,CRITICAL,0
S03,94,30.68,48.45,1.96,9.0,361824.27,584245.73,5.0,82.86,151.46,2500,26.28,23.34,1.8582,100.0,CRITICAL,0
S03,95,31.44,48.36,1.74,9.0,361824.37,584251.4,5.0,84.67,154.3,2500,26.04,23.99,1.8103,100.0,CRITICAL,0
S03,96,31.48,47.91,1.85,9.0,361823.14,584253.57,5.0,86.33,156.96,2500,26.51,24.22,1.6659,100.0,CRITICAL,0
S03,97,30.97,47.35,1.79,9.0,361823.39,584249.14,5.0,88.21,159.78,2500,25.74,22.98,1.8814,100.0,CRITICAL,0
S03,98,30.97,48.2,1.85,9.0,361823.18,584253.26,5.0,89.87,162.37,2500,26.32,23.24,1.6609,100.0,CRITICAL,0
S03,99,31.05,48.39,1.81,9.0,361824.28,584246.49,5.0,91.31,164.7,2500,25.88,24.39,1.4394,100.0,CRITICAL,0
S03,100,31.11,47.82,1.86,9.0,361823.05,584250.96,5.0,93.05,167.32,2500,26.61,23.5,1.7385,100.0,CRITICAL,0
S03,101,31.07,48.26,1.72,9.0,361825.42,584248.79,5.0,94.56,169.68,2500,26.34,25.33,1.5057,100.0,CRITICAL,0
S03,102,30.7,48.0,1.86,9.0,361820.93,584253.78,5.0,96.4,172.34,2500,25.58,24.7,1.8375,100.0,CRITICAL,0
S03,103,30.74,48.46,1.89,9.0,361822.87,584246.47,5.0,97.84,174.59,2500,26.49,23.46,1.4486,100.0,CRITICAL,0
S03,104,31.07,47.84,1.8,9.0,361821.53,584249.69,5.0,99.7,177.21,2500,25.08,23.86,1.854,100.0,CRITICAL,0
S03,105,30.99,48.12,1.96,9.0,361821.6,584247.61,5.0,101.24,179.49,2500,26.28,23.97,1.5423,100.0,CRITICAL,0
S03,106,31.15,48.01,1.71,9.0,361822.03,584247.05,5.0,102.96,181.95,2500,26.51,23.85,1.7178,100.0,CRITICAL,0
S03,107,30.82,47.99,1.81,9.0,361823.89,584246.01,5.0,104.77,184.47,2500,26.24,24.12,1.8119,100.0,CRITICAL,0
S03,108,31.05,47.92,1.75,9.0,361824.09,584244.02,5.0,106.15,186.55,2500,25.93,23.17,1.3783,100.0,CRITICAL,0
S03,109,30.91,48.27,1.9,9.0,361823.82,584246.82,5.0,107.62,188.7,2500,25.69,23.95,1.4692,100.0,CRITICAL,0
S03,110,30.72,47.9,1.8,9.0,361823.45,584241.12,5.0,109.04,190.77,2500,26.27,24.16,1.4242,100.0,CRITICAL,0
S03,111,31.27,48.03,1.82,9.0,361823.7,584247.61,5.0,110.39,192.74,2500,26.84,24.25,1.3463,100.0,CRITICAL,0
S03,112,31.2,47.31,1.86,9.0,361822.86,584248.6,5.0,111.81,194.79,2500,25.84,24.02,1.4206,100.0,CRITICAL,0
S03,113,31.23,48.79,1.87,9.0,361822.84,584251.13,5.0,113.42,197.0,2500,25.78,24.25,1.61,100.0,CRITICAL,0
S03,114,30.86,47.34,1.84,9.0,361823.92,584246.3,5.0,114.73,198.9,2500,25.42,24.09,1.3132,100.0,CRITICAL,0
S03,115,31.13,47.61,1.83,9.0,361823.08,584251.7,5.0,116.0,200.73,2500,25.34,23.43,1.2653,100.0,CRITICAL,0
S03,116,30.93,47.44,1.74,9.0,361822.39,584237.9,5.0,117.69,202.95,2500,25.91,23.08,1.6947,100.0,CRITICAL,0
S03,117,31.19,48.09,1.77,9.0,361822.98,584253.55,5.0,119.05,204.83,2500,25.62,24.71,1.355,100.0,CRITICAL,0
S03,118,30.98,48.1,1.78,9.0,361824.9,584248.66,5.0,120.07,206.35,2500,26.19,23.12,1.0221,100.0,CRITICAL,0
S03,119,30.59,47.44,1.7,9.0,361822.36,584248.58,5.0,121.56,208.32,2500,26.23,24.4,1.4936,100.0,CRITICAL,0
S03,120,30.87,47.69,1.77,9.0,361822.56,584256.8,5.0,123.03,210.28,2500,26.01,24.65,1.4651,100.0,CRITICAL,0
S04,0,31.98,44.8,1.51,8.0,14.93,416.65,20.67,31.72,31.75,0,,,0.0,2.03,NORMAL,0
S04,1,31.76,44.78,1.49,8.0,17.95,432.97,20.71,31.76,31.8,0,,,0.0403,3.67,NORMAL,0
S04,2,31.79,45.1,1.53,8.0,19.56,434.66,20.6,31.76,31.8,0,,,0.0071,3.46,NORMAL,0
S04,3,31.54,45.16,1.62,8.0,22.64,437.86,20.54,31.97,32.0,0,,,0.2015,8.37,NORMAL,0
S04,4,32.25,44.68,1.43,8.0,20.54,435.69,20.63,32.11,32.14,0,,,0.1447,6.66,NORMAL,0
S04,5,31.82,44.76,1.36,8.0,19.69,436.91,20.5,32.43,32.48,0,,,0.3166,11.03,NORMAL,0
S04,6,32.06,45.02,1.53,8.0,21.69,441.51,20.65,32.04,32.1,0,,,-0.3907,12.24,NORMAL,0
S04,7,32.07,45.48,1.56,8.0,23.55,437.21,20.61,32.04,32.1,0,,,0.0014,4.73,NORMAL,0
S04,8,31.63,44.93,1.38,8.0,24.81,448.24,20.73,32.27,32.33,0,,,0.2291,10.49,NORMAL,0
S04,9,32.22,45.69,1.5,8.0,24.52,441.59,20.67,31.89,31.96,0,,,-0.381,12.98,NORMAL,0
S04,10,32.26,44.54,1.45,8.0,24.12,447.75,20.56,31.75,31.84,0,,,-0.139,8.65,NORMAL,0
S04,11,31.93,45.19,1.58,8.0,25.68,458.05,20.6,31.89,32.0,0,,,0.1401,9.35,NORMAL,0
S04,12,32.22,45.0,1.59,8.0,28.5,445.56,20.56,32.11,32.27,0,,,0.2234,11.29,NORMAL,0
S04,13,32.36,45.05,1.44,8.0,31.52,454.26,20.5,32.1,32.3,0,,,-0.0066,7.81,NORMAL,0
S04,14,31.78,45.23,1.45,8.0,31.91,457.5,20.59,32.07,32.28,0,,,-0.0332,9.29,NORMAL,0
S04,15,31.62,44.6,1.52,8.0,33.22,462.97,20.52,32.03,32.29,0,,,-0.0402,10.35,NORMAL,0
S04,16,31.74,45.59,1.69,8.0,35.12,469.37,20.5,31.85,32.14,0,,,-0.1821,13.79,NORMAL,0
S04,17,32.07,45.33,1.52,8.0,40.57,474.58,20.42,31.66,32.01,0,,,-0.1892,14.77,NORMAL,0
S04,18,32.37,44.51,1.58,8.0,45.9,481.99,20.29,31.77,32.17,0,,,0.1071,14.54,NORMAL,0
S04,19,31.61,44.72,1.37,8.0,,496.33,20.27,31.56,32.04,0,,,-0.2108,18.9,NORMAL,0
S04,20,31.96,45.62,1.57,8.0,59.84,508.7,20.28,31.39,31.94,0,,,-0.169,19.39,NORMAL,0
S04,21,32.23,44.42,1.49,8.0,75.21,541.75,20.17,31.54,32.15,0,,,0.1514,22.48,LOW,0
S04,22,31.99,45.22,1.62,8.0,97.92,581.0,19.87,31.19,31.89,0,,,-0.3504,31.36,LOW,0
S04,23,32.13,44.24,1.39,8.0,144.77,661.19,19.5,31.31,32.13,0,,,0.126,35.84,LOW,0
S04,24,32.18,45.0,1.6,8.0,278.79,897.75,18.52,31.28,32.24,0,,,-0.0322,46.64,MEDIUM,0
S04,25,32.17,44.79,1.52,8.0,1304.97,2599.19,13.64,31.24,32.44,46,25.33,25.61,-0.0433,54.77,MEDIUM,0
S04,26,31.59,45.07,1.44,8.0,426759.94,689062.21,5.0,31.58,33.22,207,25.12,24.95,0.3427,76.07,HIGH,0
S04,27,31.49,44.93,1.5,8.0,533124.01,860667.26,5.0,31.73,33.95,282,25.19,26.16,0.147,73.93,HIGH,0
S04,28,31.67,44.71,1.52,8.0,559715.73,903570.57,5.0,32.01,34.96,374,25.89,25.14,0.2809,78.58,HIGH,0
S04,29,32.13,45.15,1.42,8.0,566363.24,914297.44,5.0,32.32,36.16,486,25.09,25.37,0.3086,81.27,CRITICAL,0
S04,30,32.15,44.99,1.3,8.0,568026.38,916978.67,5.0,32.6,37.44,613,26.18,25.21,0.284,83.64,CRITICAL,0
S04,31,32.09,44.63,1.34,8.0,568439.63,917642.18,5.0,32.67,38.61,753,25.48,25.49,0.068,82.3,CRITICAL,0
S04,32,32.3,45.14,1.32,8.0,568541.52,917814.07,5.0,33.11,40.26,906,25.2,25.59,0.4368,91.69,CRITICAL,0
S04,33,31.88,44.61,1.46,8.0,568568.31,917861.43,5.0,33.5,41.97,1073,25.29,24.92,0.3964,93.02,CRITICAL,0
S04,34,32.04,44.73,1.55,8.0,568577.82,917874.12,5.0,33.88,43.73,1248,25.08,24.77,0.3796,94.28,CRITICAL,0
S04,35,31.78,46.26,1.43,8.0,568576.56,917875.69,5.0,34.42,45.68,1427,24.58,24.54,0.5344,98.9,CRITICAL,0
S04,36,32.02,45.42,1.41,8.0,568577.59,917878.05,5.0,34.68,47.43,1615,25.12,24.77,0.2617,95.23,CRITICAL,0
S04,37,32.33,45.18,1.53,8.0,568578.09,917877.01,5.0,35.12,49.39,1808,24.18,26.01,0.4419,98.84,CRITICAL,0
S04,38,31.91,45.09,1.61,8.0,568579.57,917873.66,5.0,35.7,51.53,2006,25.24,25.91,0.5808,100.0,CRITICAL,0
S04,39,31.88,44.39,1.47,8.0,568580.97,917882.37,5.0,36.42,53.86,2209,25.46,25.22,0.7211,100.0,CRITICAL,0
S04,40,31.94,44.77,1.7,8.0,568578.37,917871.37,5.0,36.9,55.98,2418,25.21,24.82,0.4739,99.48,CRITICAL,0
S04,41,31.77,45.23,1.51,8.0,568578.98,917874.35,5.0,37.93,58.66,2500,25.9,24.4,1.033,100.0,CRITICAL,0
S04,42,32.17,44.96,1.48,8.0,568580.67,917870.65,5.0,38.86,61.24,2500,25.29,25.08,0.9274,100.0,CRITICAL,0
S04,43,31.92,45.73,1.53,8.0,568576.6,917878.37,5.0,39.8,63.85,2500,24.51,24.4,0.9413,100.0,CRITICAL,0
S04,44,31.95,45.31,1.63,8.0,568578.58,917877.91,5.0,40.17,65.91,2500,25.06,25.2,0.3758,97.52,CRITICAL,0
S04,45,31.66,45.0,1.5,8.0,568577.53,917874.27,5.0,41.02,68.45,2500,25.46,25.01,0.8507,100.0,CRITICAL,0
S04,46,31.97,44.93,1.38,8.0,,917872.81,5.0,42.25,71.38,2500,24.89,24.78,1.2292,100.0,CRITICAL,0
S04,47,31.92,45.05,1.56,8.0,568578.37,917875.73,5.0,43.16,73.97,2500,25.3,25.73,0.9077,100.0,CRITICAL,0
S04,48,31.67,44.97,1.7,8.0,568578.87,917869.73,5.0,44.37,76.83,2500,24.71,24.26,1.2085,100.0,CRITICAL,0
S04,49,31.82,44.89,1.54,8.0,568580.54,917875.37,5.0,45.6,79.71,2500,25.81,25.6,1.2296,100.0,CRITICAL,0
S04,50,32.16,45.76,1.46,8.0,568579.44,917872.46,5.0,46.47,82.22,2500,25.01,24.56,0.8706,100.0,CRITICAL,0
S04,51,31.85,44.47,1.47,8.0,568575.94,917876.98,5.0,47.78,85.19,2500,24.7,25.01,1.3091,100.0,CRITICAL,0
S04,52,31.86,44.97,1.56,8.0,568578.14,917873.64,5.0,49.27,88.3,2500,25.05,24.6,1.4964,100.0,CRITICAL,0
S04,53,31.79,44.7,1.56,8.0,568577.65,917869.48,5.0,50.4,91.05,2500,24.97,24.89,1.1292,100.0,CRITICAL,0
S04,54,31.97,44.95,1.58,8.0,568578.61,917880.2,5.0,51.52,93.73,2500,24.74,24.95,1.113,100.0,CRITICAL,0
S04,55,32.33,44.66,1.53,8.0,568577.73,917873.23,5.0,53.17,96.95,2500,24.33,24.38,1.6518,100.0,CRITICAL,0
S04,56,32.15,45.09,1.56,8.0,568577.65,917873.47,5.0,54.49,99.78,2500,25.36,25.04,1.321,100.0,CRITICAL,0
S04,57,32.0,45.65,1.53,8.0,568579.86,917881.19,5.0,56.1,102.9,2500,23.91,25.34,1.6091,100.0,CRITICAL,0
S04,58,32.15,45.37,1.52,8.0,568577.69,917874.98,5.0,57.52,105.8,2500,25.46,25.04,1.4166,100.0,CRITICAL,0
S04,59,32.05,45.38,1.49,8.0,568576.73,917874.18,5.0,59.03,108.75,2500,25.59,25.13,1.5183,100.0,CRITICAL,0
S04,60,31.76,44.96,1.65,8.0,568579.87,917873.84,5.0,60.33,111.47,2500,24.12,25.03,1.2947,100.0,CRITICAL,0
S04,61,31.61,44.8,1.51,8.0,,917868.67,5.0,62.52,115.03,2500,25.25,25.71,2.1892,100.0,CRITICAL,0
S04,62,31.99,44.66,1.49,8.0,568579.61,917876.49,5.0,63.94,117.81,2500,24.18,24.84,1.4274,100.0,CRITICAL,0
S04,63,32.17,45.23,1.58,8.0,568579.98,917875.23,5.0,65.53,120.72,2500,25.55,26.29,1.5803,100.0,CRITICAL,0
S04,64,31.42,44.5,1.57,8.0,568579.9,917869.98,5.0,66.94,123.43,2500,24.79,25.1,1.4159,100.0,CRITICAL,0
S04,65,31.94,44.91,1.46,8.0,568576.7,917872.65,5.0,68.42,126.2,2500,24.79,24.01,1.4778,100.0,CRITICAL,0
S04,66,32.21,44.9,1.4,8.0,568577.18,917872.11,5.0,70.15,129.16,2500,25.4,26.25,1.7288,100.0,CRITICAL,0
S04,67,31.97,44.89,1.45,8.0,568578.87,917878.25,5.0,71.66,131.89,2500,25.62,24.32,1.5168,100.0,CRITICAL,0
S04,68,31.89,45.1,1.36,8.0,568578.62,917872.63,5.0,73.14,134.55,2500,24.9,25.12,1.4767,100.0,CRITICAL,0
S04,69,32.1,44.56,1.38,8.0,568579.07,917872.76,5.0,74.58,137.17,2500,24.93,25.35,1.4394,100.0,CRITICAL,0
S04,70,32.37,45.36,1.42,8.0,568579.12,917879.0,5.0,76.2,139.92,2500,24.89,25.81,1.6219,100.0,CRITICAL,0
S04,71,32.06,44.78,1.58,8.0,568577.91,917884.83,5.0,77.65,142.47,2500,24.88,24.71,1.4482,100.0,CRITICAL,0
S04,72,32.16,45.07,1.68,8.0,568577.44,917876.42,5.0,79.43,145.35,2500,24.82,25.74,1.7824,100.0,CRITICAL,0
S04,73,32.49,44.46,1.35,8.0,568577.54,917875.07,5.0,81.46,148.44,2500,25.71,25.26,2.0223,100.0,CRITICAL,0
S04,74,32.03,44.45,1.36,8.0,568579.45,917877.63,5.0,82.95,150.96,2500,25.46,26.05,1.4961,100.0,CRITICAL,0
S04,75,31.86,45.26,1.48,8.0,568579.56,917881.02,5.0,84.43,153.45,2500,25.08,25.06,1.48,100.0,CRITICAL,0
S04,76,31.69,44.86,1.37,8.0,568579.61,917872.96,5.0,85.73,155.73,2500,25.31,25.37,1.3027,100.0,CRITICAL,0
S04,77,32.18,45.04,1.49,8.0,568579.56,917867.59,5.0,87.2,158.16,2500,25.64,24.62,1.4615,100.0,CRITICAL,0
S04,78,31.69,44.0,1.58,8.0,568579.48,917877.11,5.0,88.82,160.71,2500,25.2,25.02,1.6241,100.0,CRITICAL,0
S04,79,32.12,45.04,1.54,8.0,568578.65,917872.21,5.0,90.61,163.41,2500,25.09,25.22,1.7858,100.0,CRITICAL,0
S04,80,32.28,45.23,1.45,8.0,568580.82,917878.22,5.0,92.49,166.18,2500,25.42,24.99,1.8859,100.0,CRITICAL,0
S04,81,31.48,44.64,1.38,8.0,568580.5,917876.0,5.0,94.13,168.68,2500,24.7,23.75,1.6382,100.0,CRITICAL,0
S04,82,31.98,45.27,1.54,8.0,568576.86,917873.61,5.0,96.16,171.53,2500,25.79,25.37,2.031,100.0,CRITICAL,0
S04,83,31.49,44.93,1.5,8.0,568579.26,917872.5,5.0,97.7,173.88,2500,25.48,25.17,1.5376,100.0,CRITICAL,0
S04,84,31.8,44.67,1.55,8.0,568576.12,917877.86,5.0,99.22,176.14,2500,23.74,25.28,1.5208,100.0,CRITICAL,0
S04,85,32.44,45.17,1.36,8.0,568577.56,917875.58,5.0,100.84,178.53,2500,25.06,24.99,1.6208,100.0,CRITICAL,0
S04,86,31.84,45.07,1.51,8.0,568578.29,917877.49,5.0,102.09,180.49,2500,25.0,25.12,1.2497,100.0,CRITICAL,0
S04,87,31.62,45.03,1.43,8.0,568579.83,917876.31,5.0,103.39,182.49,2500,25.46,25.69,1.2985,100.0,CRITICAL,0
S04,88,31.91,44.48,1.69,8.0,568579.2,917875.14,5.0,105.17,184.97,2500,24.23,25.13,1.7849,100.0,CRITICAL,0
S04,89,31.87,44.56,1.54,8.0,568578.14,917878.5,5.0,106.79,187.25,2500,25.32,24.7,1.6167,100.0,CRITICAL,0
S04,90,31.51,44.9,1.41,8.0,568580.89,917882.73,5.0,108.27,189.37,2500,25.25,24.39,1.4796,100.0,CRITICAL,0
S04,91,31.67,45.4,1.4,8.0,568578.85,917869.72,5.0,109.56,191.3,2500,25.35,25.06,1.2897,100.0,CRITICAL,0
S04,92,31.72,45.17,1.47,8.0,568577.89,917877.16,5.0,111.11,193.47,2500,24.58,24.79,1.5523,100.0,CRITICAL,0
S04,93,31.91,45.63,1.47,8.0,568576.6,917875.85,5.0,112.68,195.64,2500,26.03,25.5,1.5696,100.0,CRITICAL,0
S04,94,31.66,45.53,1.55,8.0,568578.5,917872.26,5.0,114.43,198.0,2500,24.51,24.2,1.751,100.0,CRITICAL,0
S04,95,31.4,44.71,1.47,8.0,568577.69,917881.45,5.0,116.13,200.28,2500,24.94,24.96,1.7022,100.0,CRITICAL,0
S04,96,31.92,45.74,1.5,8.0,568577.68,917874.48,5.0,117.38,202.03,2500,24.03,24.73,1.25,100.0,CRITICAL,0
S04,97,31.72,44.85,1.57,8.0,568579.35,917871.27,5.0,118.63,203.82,2500,24.28,24.69,1.2479,100.0,CRITICAL,0
S04,98,31.93,45.43,1.51,8.0,568578.39,917873.52,5.0,119.79,205.48,2500,25.22,25.09,1.1542,100.0,CRITICAL,0
S04,99,31.88,43.76,1.42,8.0,568580.14,917876.02,5.0,121.18,207.37,2500,24.97,24.76,1.3894,100.0,CRITICAL,0
S04,100,32.23,45.19,1.47,8.0,568579.28,917868.86,5.0,122.3,208.96,2500,24.8,23.77,1.1193,100.0,CRITICAL,0
S04,101,32.12,44.96,1.67,8.0,568577.33,917876.23,5.0,123.6,210.73,2500,24.68,24.77,1.305,100.0,CRITICAL,0
S04,102,32.19,45.13,1.56,8.0,568576.82,917872.74,5.0,124.8,212.37,2500,24.74,24.89,1.196,100.0,CRITICAL,0
S04,103,31.8,44.79,1.5,8.0,568580.23,917883.51,5.0,125.89,213.92,2500,25.39,25.92,1.0983,100.0,CRITICAL,0
S04,104,31.81,44.89,1.51,8.0,568576.28,917871.58,5.0,127.05,215.5,2500,25.74,25.65,1.1518,100.0,CRITICAL,0
S04,105,31.69,45.49,1.44,8.0,568578.76,917882.35,5.0,128.38,217.23,2500,24.26,25.21,1.3315,100.0,CRITICAL,0
S04,106,31.81,44.33,1.38,8.0,568580.87,917876.66,5.0,129.64,218.87,2500,25.33,23.87,1.2628,100.0,CRITICAL,0
S04,107,31.73,45.1,1.55,8.0,568578.8,917873.1,5.0,130.86,220.46,2500,24.85,24.89,1.2211,100.0,CRITICAL,0
S04,108,32.57,45.02,1.55,8.0,568578.28,917880.27,5.0,132.23,222.18,2500,25.04,24.17,1.3663,100.0,CRITICAL,0
S04,109,32.13,45.18,1.49,8.0,568579.29,917877.13,5.0,133.55,223.85,2500,24.54,25.05,1.3207,100.0,CRITICAL,0
S04,110,31.83,44.84,1.65,8.0,568578.47,917878.87,5.0,,,2500,24.85,24.62,1.4715,100.0,CRITICAL,0
S04,111,32.2,45.07,1.38,8.0,568580.9,917875.28,5.0,136.37,227.37,2500,24.58,25.38,1.3473,100.0,CRITICAL,0
S04,112,32.22,44.84,1.6,8.0,568578.12,917881.18,5.0,137.57,228.91,2500,24.88,24.88,1.2025,100.0,CRITICAL,0
S04,113,32.07,44.88,1.5,8.0,568577.41,917882.95,5.0,138.94,230.59,2500,24.66,24.89,1.3652,100.0,CRITICAL,0
S04,114,32.53,44.83,1.68,8.0,568579.04,917876.11,5.0,140.19,232.13,2500,24.77,25.48,1.2512,100.0,CRITICAL,0
S04,115,31.89,45.38,1.52,8.0,568579.84,917879.75,5.0,141.43,233.66,2500,25.79,24.58,1.243,100.0,CRITICAL,0
S04,116,32.12,45.44,1.41,8.0,568577.87,917865.26,5.0,142.35,234.89,2500,25.04,25.04,0.9183,100.0,CRITICAL,0
S04,117,31.83,44.86,1.55,8.0,568579.34,917870.84,5.0,143.58,236.39,2500,24.47,25.25,1.229,100.0,CRITICAL,0
S04,118,32.29,44.73,1.39,8.0,,917874.96,5.0,144.97,238.09,2500,24.71,25.18,1.3975,100.0,CRITICAL,0
S04,119,32.13,45.37,1.42,8.0,568578.45,917878.21,5.0,146.0,239.37,2500,25.64,25.77,1.0279,100.0,CRITICAL,0
S04,120,31.95,45.32,1.5,8.0,568578.16,917877.09,5.0,147.23,240.88,2500,24.7,25.3,1.2324,100.0,CRITICAL,0
S05,0,34.17,37.82,0.88,6.0,26.41,446.34,20.49,33.9,33.93,0,,,0.0,3.97,NORMAL,0
S05,1,33.69,38.44,0.9,6.0,32.88,458.85,20.44,33.67,33.69,0,,,-0.2327,9.84,NORMAL,0
S05,2,33.76,38.25,0.91,6.0,35.27,468.78,20.27,33.82,33.85,0,,,0.1518,9.29,NORMAL,0
S05,3,34.05,38.07,0.89,6.0,39.02,474.79,20.41,33.61,33.64,0,,,-0.2091,11.07,NORMAL,0
S05,4,33.89,38.16,1.05,6.0,43.33,481.35,20.41,33.48,33.53,0,,,-0.1288,10.4,NORMAL,0
S05,5,33.76,37.92,1.0,6.0,46.51,488.02,20.36,34.01,34.07,0,,,0.5338,19.16,NORMAL,0
S05,6,33.72,37.73,1.2,6.0,51.16,495.35,20.33,34.36,34.44,0,,,0.3484,17.71,NORMAL,0
S05,7,34.15,38.13,0.9,6.0,56.57,499.41,20.21,34.27,34.38,0,,,-0.0888,13.35,NORMAL,0
S05,8,33.93,37.66,0.86,6.0,64.35,514.78,20.14,34.18,34.32,0,,,-0.0898,15.43,NORMAL,0
S05,9,34.14,37.97,0.99,6.0,71.86,536.87,20.12,34.12,34.32,0,,,-0.0594,16.84,NORMAL,0
S05,10,34.02,38.28,0.94,6.0,91.9,566.12,19.82,34.08,34.32,0,,,-0.0423,20.54,LOW,0
S05,11,34.18,37.83,1.03,6.0,118.46,618.2,19.65,33.72,34.03,0,,,-0.3598,32.04,LOW,0
S05,12,33.78,38.07,1.02,6.0,175.36,722.02,19.14,34.14,34.54,0,,,0.4204,44.7,MEDIUM,0
S05,13,33.48,38.02,1.08,6.0,353.5,1032.01,17.86,34.25,34.77,0,,,0.1058,49.97,MEDIUM,0
S05,14,34.31,37.9,1.04,6.0,2161.39,3991.71,10.24,34.33,35.1,0,,,0.0837,59.28,MEDIUM,0
S05,15,33.79,37.69,0.92,6.0,620806.42,1002172.88,5.0,34.12,35.32,0,,,-0.2077,70.69,HIGH,0
S05,16,34.0,37.33,0.99,6.0,775469.65,1251727.88,5.0,34.45,36.23,225,22.65,26.99,0.3234,76.51,HIGH,0
S05,17,33.57,38.07,1.05,6.0,814133.3,1314117.02,5.0,34.71,37.21,316,22.99,26.67,0.2612,77.81,HIGH,0
S05,18,33.73,36.88,1.0,6.0,823800.1,1329707.87,5.0,34.68,38.04,425,22.8,27.56,-0.0249,75.13,HIGH,0
S05,19,34.29,37.89,0.98,6.0,826216.6,1333608.33,5.0,34.69,39.03,551,23.56,27.02,0.0013,76.65,HIGH,0
S05,20,34.12,37.93,0.94,6.0,826820.07,1334585.74,5.0,34.84,40.29,690,23.11,26.33,0.1568,82.93,CRITICAL,0
S05,21,34.03,38.33,0.96,6.0,826973.76,1334832.15,5.0,34.92,41.55,839,24.09,27.06,0.0782,84.08,CRITICAL,0
S05,22,34.08,37.81,0.96,6.0,827008.02,1334884.67,5.0,35.6,43.51,1003,23.1,27.65,0.6779,94.44,CRITICAL,0
S05,23,34.52,38.6,1.0,6.0,827018.77,1334909.31,5.0,35.88,45.15,1175,22.77,26.96,0.2803,91.24,CRITICAL,0
S05,24,33.94,37.89,1.06,6.0,827019.86,1334905.06,5.0,36.32,46.99,1352,22.28,27.01,0.4395,96.85,CRITICAL,0
S05,25,34.51,38.09,0.91,6.0,827021.22,1334911.45,5.0,36.82,48.94,1536,23.35,26.48,0.4988,99.41,CRITICAL,0
S05,26,34.0,37.82,1.15,6.0,827023.63,1334914.79,5.0,36.74,50.39,1729,23.09,27.12,-0.0809,91.62,CRITICAL,0
S05,27,33.91,38.53,0.92,6.0,827020.05,1334912.93,5.0,37.33,52.56,1929,21.99,26.78,0.5975,100.0,CRITICAL,0
S05,28,33.75,37.6,1.06,6.0,827024.03,1334910.44,5.0,38.0,54.83,2132,23.57,26.94,0.6626,100.0,CRITICAL,0
S05,29,33.75,38.2,1.05,6.0,827023.32,1334901.08,5.0,38.84,57.29,2337,22.18,26.27,0.8463,100.0,CRITICAL,0
S05,30,33.72,38.23,0.95,6.0,827021.83,1334915.42,5.0,39.39,59.49,2500,22.64,27.71,0.5523,100.0,CRITICAL,0
S05,31,34.36,37.76,1.08,6.0,827022.61,1334910.51,5.0,40.35,62.1,2500,22.89,26.59,0.9578,100.0,CRITICAL,0
S05,32,34.09,38.36,1.03,6.0,827024.3,1334906.67,5.0,41.27,64.67,2500,23.91,27.0,0.9152,100.0,CRITICAL,0
S05,33,33.7,38.7,1.01,6.0,827022.21,1334911.08,5.0,42.02,67.09,2500,22.37,26.86,0.7567,100.0,CRITICAL,0
S05,34,34.07,37.68,1.0,6.0,827024.01,1334912.65,5.0,42.67,69.41,2500,23.6,26.97,0.6464,100.0,CRITICAL,0
S05,35,34.11,38.24,1.03,6.0,827020.26,1334909.19,5.0,43.39,71.8,2500,22.5,26.91,0.7168,100.0,CRITICAL,0
S05,36,34.21,37.66,1.06,6.0,827024.15,1334908.35,5.0,44.36,74.43,2500,23.19,27.09,0.9741,100.0,CRITICAL,0
S05,37,34.22,38.3,1.16,6.0,827022.17,1334910.72,5.0,45.71,77.43,2500,23.15,26.62,1.3526,100.0,CRITICAL,0
S05,38,33.92,37.54,0.91,6.0,827021.54,1334906.55,5.0,46.59,79.94,2500,22.8,26.71,0.8733,100.0,CRITICAL,0
S05,39,33.75,38.88,0.95,6.0,827020.21,1334910.09,5.0,47.79,82.76,2500,22.46,26.13,1.2024,100.0,CRITICAL,0
S05,40,34.38,38.03,1.0,6.0,827021.63,1334905.27,5.0,48.97,85.57,2500,22.54,27.03,1.1796,100.0,CRITICAL,0
S05,41,33.98,38.39,1.05,6.0,827020.3,1334915.68,5.0,49.74,87.95,2500,23.04,27.57,0.7751,100.0,CRITICAL,0
S05,42,33.89,38.26,0.95,6.0,827021.45,1334908.8,5.0,51.07,90.85,2500,22.93,27.34,1.3266,100.0,CRITICAL,0
S05,43,33.98,38.5,0.93,6.0,827023.22,1334912.86,5.0,52.54,93.88,2500,22.68,26.93,1.4719,100.0,CRITICAL,0
S05,44,33.9,38.4,0.98,6.0,827023.97,1334911.31,5.0,54.13,97.01,2500,23.14,27.08,1.5908,100.0,CRITICAL,0
S05,45,33.73,37.8,1.06,6.0,827021.86,1334908.79,5.0,55.5,99.91,2500,23.02,27.03,1.3617,100.0,CRITICAL,0
S05,46,33.93,38.53,1.0,6.0,827023.77,1334910.63,5.0,56.71,102.6,2500,22.84,27.73,1.2184,100.0,CRITICAL,0
S05,47,34.13,38.25,1.2,6.0,827021.95,1334910.29,5.0,58.3,105.64,2500,23.51,26.03,1.5906,100.0,CRITICAL,0
S05,48,33.94,38.29,0.87,6.0,827022.14,1334908.46,5.0,59.77,108.52,2500,23.53,26.96,1.4632,100.0,CRITICAL,0
S05,49,33.96,37.54,1.03,6.0,827023.08,1334904.95,5.0,61.04,111.19,2500,22.86,26.99,1.2704,100.0,CRITICAL,0
S05,50,34.13,38.06,0.94,6.0,827021.69,1334909.9,5.0,62.54,114.09,2500,22.57,27.53,1.5063,100.0,CRITICAL,0
S05,51,33.79,38.43,0.93,6.0,827021.8,1334909.92,5.0,63.77,116.68,2500,22.84,27.0,1.2308,100.0,CRITICAL,0
S05,52,34.35,38.27,0.98,6.0,827022.08,1334905.33,5.0,65.11,119.34,2500,22.14,27.7,1.3374,100.0,CRITICAL,0
S05,53,33.76,38.08,0.96,6.0,827022.65,1334903.87,5.0,,,2500,22.4,27.49,1.5555,100.0,CRITICAL,0
S05,54,34.12,38.47,0.99,6.0,827023.08,1334914.27,5.0,68.71,125.54,2500,23.3,26.6,2.0406,100.0,CRITICAL,0
S05,55,33.85,37.84,0.96,6.0,827024.59,1334907.89,5.0,70.06,128.13,2500,23.51,26.98,1.3485,100.0,CRITICAL,0
S05,56,34.35,37.9,1.0,6.0,827021.61,1334902.52,5.0,71.62,130.93,2500,22.73,27.31,1.5655,100.0,CRITICAL,0
S05,57,34.24,38.99,0.95,6.0,827019.54,1334906.9,5.0,73.11,133.62,2500,22.75,27.24,1.4897,100.0,CRITICAL,0
S05,58,33.75,37.79,0.94,6.0,827024.33,1334912.78,5.0,74.71,136.34,2500,22.55,26.8,1.595,100.0,CRITICAL,0
S05,59,34.08,38.05,0.92,6.0,827022.25,1334909.96,5.0,76.15,138.88,2500,24.4,26.15,1.4458,100.0,CRITICAL,0
S05,60,33.77,37.53,1.16,6.0,827021.27,1334909.77,5.0,77.54,141.38,2500,21.98,26.67,1.3913,100.0,CRITICAL,0
S05,61,34.05,37.38,0.98,6.0,827024.23,1334908.42,5.0,78.87,143.76,2500,22.74,26.47,1.3307,100.0,CRITICAL,0
S05,62,34.29,38.22,0.92,6.0,827021.25,1334912.26,5.0,80.61,146.56,2500,22.1,26.65,1.7358,100.0,CRITICAL,0
S05,63,33.74,38.2,1.02,6.0,827022.81,1334913.72,5.0,82.56,149.55,2500,23.34,27.22,1.9465,100.0,CRITICAL,0
S05,64,34.05,38.16,0.98,6.0,827022.66,1334906.49,5.0,83.96,151.96,2500,23.4,26.55,1.4026,100.0,CRITICAL,0
S05,65,34.04,38.54,0.96,6.0,827023.03,1334908.83,5.0,85.63,154.61,2500,23.16,26.31,1.6729,100.0,CRITICAL,0
S05,66,33.52,37.8,1.03,6.0,827021.02,1334908.99,5.0,87.11,157.02,2500,23.24,27.39,1.4757,100.0,CRITICAL,0
S05,67,34.36,38.19,1.03,6.0,827024.14,1334907.1,5.0,88.57,159.38,2500,23.0,26.71,1.4566,100.0,CRITICAL,0
S05,68,34.63,38.24,0.92,6.0,827022.1,1334912.11,5.0,90.35,162.08,2500,22.58,26.66,1.7843,100.0,CRITICAL,0
S05,69,34.21,38.1,1.18,6.0,827023.38,1334911.25,5.0,92.16,164.79,2500,23.6,27.11,1.8155,100.0,CRITICAL,0
S05,70,34.24,38.33,0.89,6.0,827023.51,1334908.87,5.0,93.39,166.86,2500,23.44,27.12,1.2204,100.0,CRITICAL,0
S05,71,33.96,38.74,1.0,6.0,827023.98,1334912.94,5.0,94.71,169.01,2500,23.59,26.95,1.3269,100.0,CRITICAL,0
S05,72,34.24,37.95,1.02,6.0,827022.19,1334910.87,5.0,96.52,171.62,2500,23.46,27.34,1.8076,100.0,CRITICAL,0
S05,73,34.13,37.94,1.02,6.0,827022.49,1334911.2,5.0,98.25,174.13,2500,23.37,27.49,1.733,100.0,CRITICAL,0
S05,74,33.86,37.95,0.92,6.0,827022.02,1334914.22,5.0,100.05,176.69,2500,23.59,27.15,1.7936,100.0,CRITICAL,0
S05,75,33.53,37.83,1.16,6.0,827023.0,1334913.21,5.0,101.73,179.1,2500,24.03,27.46,1.6868,100.0,CRITICAL,0
S05,76,34.25,38.41,1.02,6.0,827024.13,1334911.52,5.0,103.23,181.31,2500,22.96,26.5,1.5009,100.0,CRITICAL,0
S05,77,33.9,38.07,0.8,6.0,827023.43,1334906.41,5.0,104.72,183.51,2500,22.09,27.03,1.4846,100.0,CRITICAL,0
S05,78,34.02,37.83,1.12,6.0,827022.28,1334914.35,5.0,106.41,185.89,2500,23.12,26.83,1.6944,100.0,CRITICAL,0
S05,79,33.92,37.63,0.88,6.0,827022.68,1334909.46,5.0,107.73,187.88,2500,22.7,26.21,1.3205,100.0,CRITICAL,0
S05,80,34.09,37.73,1.0,6.0,827022.55,1334905.31,5.0,109.14,189.93,2500,23.7,27.36,1.4088,100.0,CRITICAL,0
S05,81,33.63,37.59,1.04,6.0,827021.19,1334909.16,5.0,110.79,192.2,2500,23.32,26.99,1.6491,100.0,CRITICAL,0
S05,82,33.97,38.23,1.08,6.0,827023.22,1334904.86,5.0,112.23,194.23,2500,22.38,26.82,1.4358,100.0,CRITICAL,0
S05,83,34.35,37.43,0.97,6.0,827024.1,1334911.9,5.0,113.73,196.31,2500,22.91,27.4,1.5069,100.0,CRITICAL,0
S05,84,33.65,38.16,1.06,6.0,827024.45,1334910.84,5.0,115.18,198.29,2500,22.55,27.34,1.445,100.0,CRITICAL,0
S05,85,33.96,38.91,0.97,6.0,827023.13,1334908.42,5.0,116.78,200.43,2500,23.62,26.09,1.6008,100.0,CRITICAL,0
S05,86,34.02,37.93,1.05,6.0,827022.56,1334913.79,5.0,118.42,202.61,2500,23.38,26.22,1.641,100.0,CRITICAL,0
S05,87,33.96,38.21,0.95,6.0,827022.94,1334911.21,5.0,119.84,204.55,2500,23.55,27.0,1.4187,100.0,CRITICAL,0
S05,88,34.16,37.67,0.93,6.0,827021.89,1334911.26,5.0,121.35,206.55,2500,23.05,27.16,1.5082,100.0,CRITICAL,0
S05,89,34.15,38.19,1.03,6.0,827022.27,1334909.86,5.0,122.94,208.62,2500,22.95,27.75,1.5929,100.0,CRITICAL,0
S05,90,33.75,38.23,0.95,6.0,827021.35,1334909.42,5.0,124.34,210.47,2500,24.07,28.15,1.4008,100.0,CRITICAL,0
S05,91,34.05,37.58,1.11,6.0,827021.88,1334908.95,5.0,125.51,212.07,2500,23.32,27.39,1.1678,100.0,CRITICAL,0
S05,92,34.05,38.0,0.97,6.0,827024.37,1334907.36,5.0,126.79,213.78,2500,23.25,27.07,1.2812,100.0,CRITICAL,0
S05,93,33.93,38.17,1.02,6.0,827023.48,1334909.81,5.0,128.0,215.4,2500,23.17,27.36,1.2132,100.0,CRITICAL,0
S05,94,33.96,38.72,1.04,6.0,827023.08,1334909.5,5.0,129.18,216.99,2500,23.75,26.87,1.1725,100.0,CRITICAL,0
S05,95,34.13,37.24,0.84,6.0,827025.67,1334904.8,5.0,130.29,218.5,2500,23.65,26.97,1.1183,100.0,CRITICAL,0
S05,96,34.25,38.27,0.96,6.0,827022.75,1334915.12,5.0,131.33,219.92,2500,23.17,27.19,1.032,100.0,CRITICAL,0
S05,97,34.2,37.44,1.11,6.0,827022.44,1334905.44,5.0,132.74,221.69,2500,22.05,27.08,1.4168,100.0,CRITICAL,0
S05,98,33.93,38.21,0.99,6.0,827022.71,1334907.24,5.0,133.89,223.22,2500,23.21,27.29,1.1499,100.0,CRITICAL,0
S05,99,34.26,38.27,0.96,6.0,827022.37,1334913.2,5.0,135.58,225.26,2500,22.44,27.99,1.6859,100.0,CRITICAL,0
S05,100,34.14,38.81,1.02,6.0,827022.2,1334909.86,5.0,137.19,227.19,2500,23.14,27.15,1.6113,100.0,CRITICAL,0
S05,101,33.97,38.51,0.87,6.0,827021.1,1334907.64,5.0,138.53,228.85,2500,22.66,27.69,1.3352,100.0,CRITICAL,0
S05,102,33.89,37.77,0.99,6.0,827021.42,1334917.66,5.0,139.64,230.27,2500,22.65,26.76,1.114,100.0,CRITICAL,0
S05,103,33.66,38.84,1.07,6.0,827021.51,1334913.27,5.0,140.96,231.9,2500,22.33,26.17,1.325,100.0,CRITICAL,0
S05,104,33.92,37.82,0.96,6.0,827022.2,1334915.62,5.0,142.09,233.3,2500,22.6,27.2,1.1239,100.0,CRITICAL,0
S05,105,33.6,37.94,1.02,6.0,827023.2,1334912.63,5.0,143.37,234.87,2500,23.27,26.45,1.2852,100.0,CRITICAL,0
S05,106,33.76,37.87,1.07,6.0,827020.81,1334905.65,5.0,144.7,236.49,2500,23.62,27.6,1.3235,100.0,CRITICAL,0
S05,107,34.38,37.96,1.02,6.0,827022.46,1334908.21,5.0,145.81,237.86,2500,23.37,27.53,1.1127,100.0,CRITICAL,0
S05,108,34.27,38.21,0.91,6.0,827021.52,1334909.42,5.0,146.78,239.09,2500,23.08,27.14,0.9682,100.0,CRITICAL,0
S05,109,33.76,37.57,1.12,6.0,827020.53,1334909.23,5.0,147.78,240.33,2500,23.07,25.73,1.0044,100.0,CRITICAL,0
S05,110,33.81,38.04,1.05,6.0,827020.67,1334909.8,5.0,148.38,241.17,2500,22.84,27.25,0.6011,100.0,CRITICAL,0
S05,111,34.02,37.73,0.89,6.0,827022.38,1334915.55,5.0,149.71,242.72,2500,23.19,26.42,1.3234,100.0,CRITICAL,0
S05,112,33.97,37.92,0.89,6.0,827022.48,1334911.71,5.0,150.85,244.08,2500,22.43,26.97,1.1401,100.0,CRITICAL,0
S05,113,34.2,38.09,1.03,6.0,827021.46,1334912.19,5.0,151.62,245.07,2500,23.04,27.15,0.7757,100.0,CRITICAL,0
S05,114,34.21,38.61,0.91,6.0,827022.52,1334910.44,5.0,152.47,246.12,2500,23.18,27.19,0.85,100.0,CRITICAL,0
S05,115,33.73,37.78,0.88,6.0,827024.19,1334913.49,5.0,153.1,246.94,2500,22.83,26.67,0.6301,100.0,CRITICAL,0
S05,116,33.95,38.22,0.97,6.0,827024.2,1334908.87,5.0,153.85,247.88,2500,22.67,26.67,0.7475,100.0,CRITICAL,0
S05,117,34.11,37.96,1.01,6.0,827024.07,1334902.35,5.0,154.89,249.12,2500,22.86,27.05,1.0394,100.0,CRITICAL,0
S05,118,34.06,37.53,1.04,6.0,827024.4,1334905.29,5.0,155.91,250.32,2500,22.64,27.55,1.0215,100.0,CRITICAL,0
S05,119,34.06,38.34,0.89,6.0,827022.26,1334914.86,5.0,157.24,251.84,2500,22.51,27.35,1.3275,100.0,CRITICAL,0
S05,120,33.58,37.82,1.01,6.0,827020.93,1334922.11,5.0,158.13,252.9,2500,22.71,26.31,0.891,100.0,CRITICAL,0
S06,0,30.91,50.17,2.07,10.0,11.84,418.2,20.74,30.69,30.7,0,,,0.0,1.72,NORMAL,0
S06,1,31.58,49.99,1.88,10.0,13.0,412.22,20.77,30.61,30.62,0,,,-0.0747,3.19,NORMAL,0
S06,2,30.85,50.18,1.83,10.0,13.42,426.4,20.76,30.44,30.45,0,,,-0.1737,5.68,NORMAL,0
S06,3,30.8,50.07,2.03,10.0,15.87,422.43,20.7,30.23,30.25,0,,,-0.2092,6.64,NORMAL,0
S06,4,31.08,49.11,2.01,10.0,14.1,426.71,20.74,30.28,30.33,0,,,0.0547,3.62,NORMAL,0
S06,5,31.52,49.62,1.82,10.0,15.41,428.05,20.7,30.16,30.2,0,,,-0.1288,5.39,NORMAL,0
S06,6,31.09,49.92,2.03,10.0,14.08,424.19,20.66,30.2,30.27,0,,,0.0412,3.62,NORMAL,0
S06,7,31.35,49.77,1.9,10.0,14.8,428.13,20.61,29.88,29.98,0,,,-0.3141,9.44,NORMAL,0
S06,8,31.33,49.91,1.95,10.0,17.23,432.71,20.71,30.34,30.44,0,,,0.4561,12.62,NORMAL,0
S06,9,30.97,49.34,2.11,10.0,16.63,429.94,20.74,30.44,30.57,0,,,0.0986,5.45,NORMAL,0
S06,10,30.91,50.15,2.07,10.0,16.18,424.27,20.7,30.63,30.77,0,,,0.1925,7.37,NORMAL,0
S06,11,30.25,49.64,1.9,10.0,18.19,427.83,20.64,30.88,31.02,0,,,0.2541,9.82,NORMAL,0
S06,12,31.01,50.58,2.13,10.0,16.1,423.85,20.7,30.76,30.92,0,,,-0.1208,6.23,NORMAL,0
S06,13,31.09,50.26,2.07,10.0,16.89,435.3,20.74,30.55,30.73,0,,,-0.2172,8.61,NORMAL,0
S06,14,31.06,49.48,1.98,10.0,19.86,436.58,20.67,30.73,30.94,0,,,0.1793,8.36,NORMAL,0
S06,15,30.74,50.21,1.97,10.0,18.41,436.92,20.72,30.46,30.72,0,,,-0.2641,10.12,NORMAL,0
S06,16,30.87,50.12,1.93,10.0,20.79,424.75,20.8,30.43,30.7,0,,,-0.0267,5.39,NORMAL,0
S06,17,31.08,49.93,2.06,10.0,18.81,431.14,20.66,30.49,30.79,0,,,0.0553,6.31,NORMAL,0
S06,18,30.93,49.79,1.9,10.0,18.4,429.1,20.71,29.9,30.23,0,,,-0.5858,15.31,NORMAL,0
S06,19,30.88,49.73,2.08,10.0,22.62,438.19,20.58,30.25,30.6,0,,,0.343,13.06,NORMAL,0
S06,20,30.76,49.12,1.91,10.0,21.69,441.72,20.59,30.06,30.44,0,,,-0.1853,10.21,NORMAL,0
S06,21,30.63,50.55,1.96,10.0,22.26,441.61,20.61,29.77,30.17,0,,,-0.2889,12.6,NORMAL,0
S06,22,31.08,49.59,1.87,10.0,23.07,440.78,20.6,29.67,30.1,0,,,-0.1049,9.3,NORMAL,0
S06,23,31.18,49.89,1.89,10.0,24.72,449.75,20.58,30.05,30.53,0,,,0.3791,15.48,NORMAL,0
S06,24,30.61,50.53,1.98,10.0,28.49,456.87,20.57,29.88,30.42,0,,,-0.1708,12.14,NORMAL,0
S06,25,30.87,50.29,2.04,10.0,29.07,454.56,20.57,30.24,30.82,0,,,0.364,16.41,NORMAL,0
S06,26,30.99,49.84,1.93,10.0,31.53,458.44,20.45,30.25,30.9,0,,,0.0069,10.13,NORMAL,0
S06,27,30.85,49.51,2.01,10.0,32.93,458.47,20.56,30.63,31.37,0,,,0.3822,18.64,NORMAL,0
S06,28,31.0,49.82,1.99,10.0,37.18,470.34,20.44,30.4,31.22,0,,,-0.2331,16.63,NORMAL,0
S06,29,30.92,49.71,2.06,10.0,38.41,460.12,20.43,30.16,31.04,0,,,-0.2335,17.01,NORMAL,0
S06,30,30.98,50.39,1.95,10.0,42.88,482.51,20.46,30.04,30.99,0,,,-0.1251,16.33,NORMAL,0
S06,31,31.32,50.22,2.05,10.0,,493.66,20.24,30.54,31.6,0,,,0.5036,26.26,LOW,0
S06,32,30.91,50.25,1.89,10.0,62.37,511.9,20.23,30.5,31.66,0,,,-0.038,19.8,NORMAL,0
S06,33,31.16,49.47,1.99,10.0,,530.87,20.08,30.64,31.92,25,25.25,25.49,0.1415,25.58,LOW,0
S06,34,31.36,49.7,2.06,10.0,101.24,591.3,19.9,30.84,32.23,29,24.67,24.4,0.1931,32.33,LOW,0
S06,35,30.72,50.44,2.07,10.0,164.5,698.98,19.44,31.02,32.56,36,24.25,24.76,0.1842,44.84,MEDIUM,0
S06,36,30.66,49.62,2.04,10.0,366.35,1044.66,17.97,31.49,33.2,48,25.79,24.91,0.4667,59.57,MEDIUM,0
S06,37,31.28,50.52,1.89,10.0,4106.09,7040.08,6.56,31.59,33.68,128,24.83,24.74,0.1003,64.73,HIGH,0
S06,38,31.16,50.19,1.95,10.0,349925.26,565057.85,5.0,31.64,34.29,335,25.05,25.1,0.0523,73.36,HIGH,0
S06,39,31.11,49.97,2.02,10.0,436381.47,704559.98,5.0,31.33,34.69,425,24.93,24.26,-0.3116,80.12,CRITICAL,0
S06,40,31.05,49.63,2.02,10.0,457994.59,739429.74,5.0,31.48,35.68,532,25.31,23.63,0.1515,79.32,HIGH,0
S06,41,31.21,50.85,2.1,10.0,463400.83,748156.58,5.0,31.53,36.72,656,24.52,24.68,0.0523,79.75,HIGH,0
S06,42,30.93,49.77,2.01,10.0,464751.06,750337.19,5.0,31.88,38.15,794,25.11,25.28,0.3469,89.08,CRITICAL,0
S06,43,30.76,50.16,2.02,10.0,465088.08,750877.46,5.0,32.31,39.75,942,25.9,24.98,0.4304,92.6,CRITICAL,0
S06,44,31.37,49.26,1.96,10.0,465172.37,751026.27,5.0,32.37,41.06,1100,24.22,24.59,0.0589,85.86,CRITICAL,0
S06,45,31.16,49.85,1.84,10.0,168629.71,272505.1,5.0,32.67,42.73,1274,24.78,24.72,0.3027,92.63,CRITICAL,1
S06,46,30.95,50.07,1.86,10.0,94494.04,152876.26,5.0,32.98,44.46,1454,25.16,25.0,0.3123,94.75,CRITICAL,1
S06,47,30.75,50.14,2.05,10.0,75958.78,122968.09,5.0,33.44,46.41,1643,25.77,25.21,0.4514,99.03,CRITICAL,1
S06,48,31.01,49.83,1.94,10.0,71325.99,115488.32,5.0,33.74,48.24,1836,24.74,24.4,0.3055,96.11,CRITICAL,1
S06,49,30.9,50.22,1.98,10.0,70168.11,113625.74,5.0,34.19,50.26,2036,24.7,25.84,0.4438,98.88,CRITICAL,1
S06,50,30.92,50.35,2.0,10.0,69877.4,113161.05,5.0,34.81,52.47,2238,24.92,24.43,0.6205,100.0,CRITICAL,1
S06,51,31.22,49.68,2.03,10.0,69806.32,113037.41,5.0,35.5,54.79,2444,24.45,25.44,0.6924,100.0,CRITICAL,1
S06,52,30.64,49.33,2.18,10.0,69787.08,113013.5,5.0,36.03,56.97,2500,25.33,24.91,0.5363,100.0,CRITICAL,1
S06,53,31.14,49.96,2.12,10.0,69784.06,113004.94,5.0,36.85,59.45,2500,25.03,24.96,0.8148,100.0,CRITICAL,1
S06,54,30.78,50.04,1.87,10.0,69782.06,113001.13,5.0,37.36,61.64,2500,24.95,24.21,0.5147,100.0,CRITICAL,1
S06,55,31.21,50.3,2.03,10.0,69782.46,113003.71,5.0,38.26,64.22,2500,24.75,24.93,0.8971,100.0,CRITICAL,1
S06,56,31.04,50.1,1.96,10.0,69781.77,113000.38,5.0,39.64,67.29,2500,24.54,25.42,1.3802,100.0,CRITICAL,1
S06,57,31.18,50.2,2.02,10.0,69780.51,113000.21,5.0,40.61,69.96,2500,24.58,25.8,0.9666,100.0,CRITICAL,1
S06,58,30.78,49.82,2.07,10.0,69783.52,112992.77,5.0,41.52,72.53,2500,25.17,25.11,0.9085,100.0,CRITICAL,1
S06,59,30.42,50.28,2.01,10.0,69782.62,113002.44,5.0,42.3,74.97,2500,24.84,24.54,0.7794,100.0,CRITICAL,1
S06,60,30.41,50.11,2.03,10.0,69782.23,113000.6,5.0,43.33,77.65,2500,25.48,25.55,1.037,100.0,CRITICAL,1
S06,61,30.71,49.81,1.98,10.0,69783.23,112999.87,5.0,44.38,80.36,2500,24.75,25.39,1.0463,100.0,CRITICAL,1
S06,62,31.07,49.97,1.95,10.0,69781.97,112996.21,5.0,45.93,83.53,2500,24.94,25.6,1.5511,100.0,CRITICAL,1
S06,63,30.47,49.55,1.96,10.0,69781.94,113001.31,5.0,47.14,86.35,2500,25.64,25.16,1.2048,100.0,CRITICAL,1
S06,64,30.99,50.2,1.97,10.0,69780.88,113000.54,5.0,48.35,89.15,2500,25.19,25.61,1.2128,100.0,CRITICAL,1
S06,65,31.26,49.61,2.13,10.0,69781.51,112996.7,5.0,49.56,91.94,2500,25.09,24.9,1.2165,100.0,CRITICAL,1
S06,66,31.28,49.71,1.91,10.0,69782.72,113002.9,5.0,50.95,94.86,2500,24.94,25.48,1.383,100.0,CRITICAL,1
S06,67,30.98,49.79,1.84,10.0,69783.01,113004.32,5.0,52.4,97.82,2500,25.83,25.63,1.4551,100.0,CRITICAL,1
S06,68,31.55,50.13,2.14,10.0,69779.84,112999.85,5.0,53.58,100.49,2500,25.4,24.6,1.1763,100.0,CRITICAL,1
S06,69,31.38,50.14,2.01,10.0,69780.51,112998.38,5.0,55.01,103.4,2500,25.12,26.03,1.4324,100.0,CRITICAL,1
S06,70,31.09,50.11,2.1,10.0,69780.88,112999.74,5.0,56.45,106.3,2500,24.99,25.88,1.4342,100.0,CRITICAL,1
S06,71,30.96,49.98,2.08,10.0,69781.51,112994.35,5.0,57.93,109.21,2500,25.07,24.72,1.4822,100.0,CRITICAL,1
S06,72,31.02,50.46,2.09,10.0,69780.29,112999.86,5.0,59.7,112.38,2500,25.25,24.16,1.7729,100.0,CRITICAL,1
S06,73,30.7,50.09,2.0,10.0,69780.01,112998.36,5.0,61.29,115.36,2500,24.1,25.01,1.5914,100.0,CRITICAL,1
S06,74,30.65,49.73,1.83,10.0,,112992.69,5.0,62.77,118.18,2500,25.05,24.25,1.4772,100.0,CRITICAL,1
S06,75,31.25,50.03,2.0,10.0,69781.25,112999.51,5.0,64.23,120.94,2500,24.56,25.01,1.4585,100.0,CRITICAL,1
S06,76,30.87,49.36,1.93,10.0,69783.29,113001.79,5.0,65.81,123.8,2500,24.24,25.45,1.578,100.0,CRITICAL,1
S06,77,31.37,50.38,2.05,10.0,69782.55,112997.64,5.0,67.18,126.41,2500,25.84,25.02,1.3702,100.0,CRITICAL,1
S06,78,31.54,49.63,2.01,10.0,69782.53,113002.35,5.0,68.72,129.18,2500,25.81,24.67,1.5427,100.0,CRITICAL,1
S06,79,31.0,50.18,2.14,10.0,69783.67,113002.51,5.0,70.4,132.06,2500,25.21,25.48,1.6859,100.0,CRITICAL,1
S06,80,31.31,49.82,1.94,10.0,69781.2,112990.82,5.0,72.14,134.96,2500,25.19,25.44,1.7353,100.0,CRITICAL,1
S06,81,30.78,50.01,1.87,10.0,69781.75,113002.68,5.0,73.57,137.53,2500,25.23,25.01,1.4302,100.0,CRITICAL,1
S06,82,31.08,50.44,1.93,10.0,69782.86,112997.39,5.0,75.35,140.43,2500,25.0,24.16,1.7776,100.0,CRITICAL,1
S06,83,31.04,50.09,2.04,10.0,69781.91,113005.38,5.0,76.98,143.15,2500,25.28,25.09,1.6338,100.0,CRITICAL,1
S06,84,31.01,49.31,1.94,10.0,69782.47,113003.12,5.0,78.43,145.66,2500,25.13,25.08,1.4501,100.0,CRITICAL,1
S06,85,30.5,50.2,2.08,10.0,69779.93,112998.05,5.0,80.0,148.26,2500,25.5,25.34,1.5695,100.0,CRITICAL,1
S06,86,31.25,50.11,1.85,10.0,69783.49,113002.51,5.0,81.27,150.54,2500,25.43,24.67,1.2707,100.0,CRITICAL,1
S06,87,30.92,50.35,2.03,10.0,69781.85,112995.59,5.0,82.92,153.17,2500,24.78,25.8,1.6465,100.0,CRITICAL,1
S06,88,31.03,49.71,2.09,10.0,69781.63,113001.57,5.0,84.78,155.97,2500,25.75,25.08,1.8645,100.0,CRITICAL,1
S06,89,31.05,49.56,1.95,10.0,69782.38,112998.21,5.0,86.3,158.43,2500,24.97,24.7,1.5147,100.0,CRITICAL,1
S06,90,31.2,50.0,2.0,10.0,69783.6,113000.66,5.0,88.03,161.06,2500,24.91,24.34,1.7361,100.0,CRITICAL,1
S06,91,30.63,49.9,2.09,10.0,69782.23,112993.59,5.0,89.77,163.66,2500,25.32,24.8,1.7322,100.0,CRITICAL,1
S06,92,30.85,49.87,1.96,10.0,69780.51,112995.39,5.0,91.77,166.51,2500,25.28,24.87,2.0086,100.0,CRITICAL,1
S06,93,31.17,50.01,1.96,10.0,69781.59,113003.29,5.0,93.09,168.67,2500,25.25,24.45,1.3152,100.0,CRITICAL,1
S06,94,30.81,49.67,2.08,10.0,69783.47,112991.55,5.0,94.86,171.25,2500,25.51,25.79,1.7671,100.0,CRITICAL,1
S06,95,30.87,49.25,1.93,10.0,69783.67,113007.87,5.0,96.47,173.64,2500,25.07,25.88,1.6085,100.0,CRITICAL,1
S06,96,31.11,49.22,1.92,10.0,69782.25,112997.84,5.0,97.87,175.83,2500,24.54,25.26,1.4084,100.0,CRITICAL,1
S06,97,30.6,50.32,2.15,10.0,69781.95,112998.47,5.0,99.83,178.54,2500,24.32,25.26,1.9539,100.0,CRITICAL,1
S06,98,31.15,50.17,1.81,10.0,,112999.39,5.0,101.31,180.74,2500,25.04,24.91,1.4806,100.0,CRITICAL,1
S06,99,31.04,50.32,2.21,10.0,69780.6,112996.75,5.0,103.14,183.29,2500,24.58,24.95,1.8356,100.0,CRITICAL,1
S06,100,30.75,50.98,2.13,10.0,69779.53,112997.84,5.0,104.83,185.64,2500,24.98,24.8,1.6882,100.0,CRITICAL,1
S06,101,31.45,50.08,2.08,10.0,69780.54,113002.41,5.0,106.21,187.69,2500,24.88,25.58,1.3822,100.0,CRITICAL,1
S06,102,31.07,50.21,1.98,10.0,69782.21,112991.9,5.0,107.91,190.02,2500,25.07,24.55,1.6959,100.0,CRITICAL,1
S06,103,31.23,49.69,1.91,10.0,69781.54,112996.32,5.0,109.46,192.17,2500,25.1,24.45,1.5469,100.0,CRITICAL,1
S06,104,31.02,49.65,2.08,10.0,69781.82,112990.78,5.0,110.94,194.26,2500,25.18,24.82,1.4823,100.0,CRITICAL,1
S06,105,31.09,49.62,1.98,10.0,69783.38,113003.27,5.0,112.42,196.34,2500,25.07,25.67,1.4858,100.0,CRITICAL,1
S06,106,30.77,50.09,1.98,10.0,69783.07,113005.1,5.0,113.77,198.25,2500,23.86,25.66,1.342,100.0,CRITICAL,1
S06,107,31.29,49.78,2.02,10.0,69780.75,112997.24,5.0,115.33,200.36,2500,25.03,24.71,1.5615,100.0,CRITICAL,1
S06,108,31.13,50.32,2.15,10.0,69781.31,113004.07,5.0,116.78,202.34,2500,25.18,25.63,1.4486,100.0,CRITICAL,1
S06,109,31.27,49.81,1.95,10.0,69779.97,112998.41,5.0,118.25,204.34,2500,25.4,24.89,1.4739,100.0,CRITICAL,1
S06,110,30.89,49.41,2.01,10.0,69782.07,112999.72,5.0,119.65,206.26,2500,24.48,25.91,1.4029,100.0,CRITICAL,1
S06,111,30.75,49.7,2.13,10.0,69781.62,113004.47,5.0,120.91,207.98,2500,24.87,24.71,1.2535,100.0,CRITICAL,1
S06,112,30.97,49.75,1.94,10.0,69780.72,112997.89,5.0,122.17,209.71,2500,25.12,25.23,1.2644,100.0,CRITICAL,1
S06,113,31.15,49.93,2.02,10.0,69782.63,113001.22,5.0,123.8,211.8,2500,24.41,24.77,1.6305,100.0,CRITICAL,1
S06,114,30.88,49.51,2.11,10.0,69782.16,113003.48,5.0,125.37,213.82,2500,24.15,25.22,1.5678,100.0,CRITICAL,1
S06,115,30.89,50.03,1.97,10.0,69782.54,113000.33,5.0,126.58,215.46,2500,24.66,25.18,1.2121,100.0,CRITICAL,1
S06,116,31.07,50.72,2.1,10.0,69779.66,112998.14,5.0,128.09,217.37,2500,25.23,25.26,1.5077,100.0,CRITICAL,1
S06,117,31.25,50.75,1.94,10.0,69781.36,112997.87,5.0,129.35,219.03,2500,25.04,25.96,1.2562,100.0,CRITICAL,1
S06,118,30.86,49.62,2.03,10.0,69781.71,112998.16,5.0,130.22,220.3,2500,24.69,25.53,0.8779,100.0,CRITICAL,1
S06,119,31.14,49.35,1.9,10.0,69783.17,113000.47,5.0,131.75,222.22,2500,24.43,24.92,1.5301,100.0,CRITICAL,1
S06,120,30.41,50.09,2.05,10.0,69782.07,113004.04,5.0,133.22,224.07,2500,25.33,25.48,1.4643,100.0,CRITICAL,1
S07,0,31.04,49.51,1.85,10.0,10.06,427.26,20.8,31.04,31.08,0,,,0.0,1.8,NORMAL,0
S07,1,31.55,50.87,1.95,10.0,12.2,421.35,20.67,30.49,30.52,0,,,-0.5524,12.06,NORMAL,0
S07,2,30.59,49.72,2.09,10.0,13.0,417.79,20.72,30.55,30.6,0,,,0.0679,3.49,NORMAL,0
S07,3,31.06,50.35,2.01,10.0,15.84,426.18,20.79,30.73,30.78,0,,,0.1735,6.12,NORMAL,0
S07,4,30.86,50.39,1.97,10.0,17.28,425.46,20.8,30.96,31.01,0,,,0.2305,7.61,NORMAL,0
S07,5,31.07,50.89,1.89,10.0,15.35,428.63,20.74,30.85,30.93,0,,,-0.1044,5.11,NORMAL,0
S07,6,31.35,49.81,1.99,10.0,14.7,426.19,20.68,31.01,31.09,0,,,0.1528,6.21,NORMAL,0
S07,7,30.88,50.19,2.07,10.0,15.5,425.97,20.7,30.89,30.98,0,,,-0.1123,5.69,NORMAL,0
S07,8,31.19,50.66,1.99,10.0,16.78,433.45,20.71,30.82,30.92,0,,,-0.0754,5.3,NORMAL,0
S07,9,30.91,50.4,2.01,10.0,16.23,424.92,20.67,31.12,31.27,0,,,0.3035,10.17,NORMAL,0
S07,10,31.06,50.25,1.91,10.0,16.03,421.77,20.68,,,0,,,0.2435,9.13,NORMAL,0
S07,11,30.97,49.68,2.09,10.0,17.5,420.33,20.65,31.65,31.82,0,,,0.2787,10.53,NORMAL,0
S07,12,30.43,49.51,2.06,10.0,19.34,440.75,20.58,31.55,31.76,0,,,-0.093,8.22,NORMAL,0
S07,13,31.27,49.79,2.09,10.0,19.04,438.3,20.68,31.41,31.65,0,,,-0.1425,8.35,NORMAL,0
S07,14,31.1,49.92,2.09,10.0,19.77,432.06,20.63,31.55,31.83,0,,,0.1393,8.85,NORMAL,0
S07,15,31.21,49.72,2.08,10.0,20.48,447.81,20.61,31.3,31.61,0,,,-0.2514,11.51,NORMAL,0
S07,16,31.56,49.99,1.99,10.0,20.48,437.75,20.65,31.12,31.45,0,,,-0.1799,9.63,NORMAL,0
S07,17,30.58,49.68,1.97,10.0,22.8,437.01,20.79,31.24,31.61,0,,,0.1258,9.91,NORMAL,0
S07,18,31.26,50.49,1.95,10.0,22.78,451.33,20.7,31.21,31.61,0,,,-0.0317,8.12,NORMAL,0
S07,19,30.94,49.47,1.93,10.0,26.33,444.69,20.57,31.15,31.62,0,,,-0.0599,9.56,NORMAL,0
S07,20,30.84,49.99,2.05,10.0,24.99,452.95,20.63,30.93,31.46,0,,,-0.2193,13.05,NORMAL,0
S07,21,31.45,49.43,1.93,10.0,27.55,450.3,20.56,30.87,31.46,0,,,-0.0584,9.82,NORMAL,0
S07,22,31.03,49.53,2.02,10.0,32.39,462.67,20.53,31.05,31.67,0,,,0.1808,14.03,NORMAL,0
S07,23,30.91,50.19,2.0,10.0,32.71,467.69,20.51,30.97,31.66,0,,,-0.0893,12.92,NORMAL,0
S07,24,31.03,49.56,2.08,10.0,37.85,467.12,20.48,30.99,31.76,0,,,0.028,12.62,NORMAL,0
S07,25,30.85,50.24,1.92,10.0,40.11,467.16,20.38,30.92,31.76,0,,,-0.0739,14.63,NORMAL,0
S07,26,31.08,50.4,2.1,10.0,45.16,478.74,20.27,31.13,32.04,0,,,0.2103,18.92,NORMAL,0
S07,27,30.53,49.35,1.89,10.0,51.15,495.41,20.25,30.96,31.96,0,,,-0.1746,20.44,LOW,0
S07,28,31.25,50.1,2.1,10.0,59.8,508.45,20.1,31.08,32.19,0,,,0.1264,21.2,LOW,0
S07,29,31.07,49.8,1.87,10.0,74.57,544.28,20.02,30.92,32.15,23,24.89,24.51,-0.165,25.95,LOW,0
S07,30,30.44,49.66,2.04,10.0,101.97,581.9,19.89,30.94,32.28,27,25.23,24.72,0.0189,29.11,LOW,0
S07,31,31.4,49.94,1.98,10.0,158.09,681.96,19.43,30.91,32.39,33,24.9,24.36,-0.0268,39.22,LOW,0
S07,32,31.2,50.07,2.0,10.0,343.29,1009.26,18.07,31.2,32.88,45,25.1,25.11,0.2947,54.86,MEDIUM,0
S07,33,30.67,49.99,2.09,10.0,2947.04,5209.74,9.11,31.79,33.8,104,24.86,24.75,0.5852,72.02,HIGH,0
S07,34,30.88,49.79,2.05,10.0,349635.79,564596.94,5.0,31.9,34.41,318,25.28,24.27,0.1077,74.67,HIGH,0
S07,35,30.5,50.81,2.02,10.0,436311.16,704448.15,5.0,32.3,35.48,402,25.41,24.92,0.3995,82.99,CRITICAL,0
S07,36,31.25,49.88,2.03,10.0,457980.58,739404.68,5.0,32.41,36.42,507,25.51,24.3,0.1157,78.82,HIGH,0
S07,37,30.83,50.13,2.01,10.0,463396.73,748146.41,5.0,32.67,37.63,628,25.81,24.3,0.2607,84.86,CRITICAL,0
S07,38,30.96,50.01,2.11,10.0,464750.4,750332.0,5.0,32.69,38.7,762,24.71,25.18,0.0141,82.55,CRITICAL,0
S07,39,31.27,50.56,2.05,10.0,465087.58,750879.05,5.0,32.77,39.97,911,25.75,25.04,0.0869,85.43,CRITICAL,0
S07,40,30.83,49.89,1.96,10.0,465174.14,751017.8,5.0,33.11,41.57,1072,25.41,23.74,0.3327,92.4,CRITICAL,0
S07,41,30.84,50.92,2.11,10.0,465193.18,751048.63,5.0,33.32,43.08,1237,24.58,25.31,0.2091,91.42,CRITICAL,0
S07,42,31.17,50.36,1.96,10.0,465199.68,751057.61,5.0,33.63,44.81,1416,25.24,24.45,0.3146,94.94,CRITICAL,0
S07,43,30.87,49.61,1.99,10.0,,751058.98,5.0,34.03,46.67,1601,25.1,24.84,0.4012,98.02,CRITICAL,0
S07,44,30.54,50.42,1.93,10.0,465202.53,751065.76,5.0,34.73,48.88,1793,25.39,25.36,0.6997,100.0,CRITICAL,0
S07,45,31.4,50.58,2.04,10.0,465198.87,751065.68,5.0,35.0,50.69,1988,25.93,24.42,0.2714,95.43,CRITICAL,0
S07,46,31.0,50.01,1.92,10.0,465201.59,751063.7,5.0,35.46,52.73,2188,24.46,24.5,0.4547,99.09,CRITICAL,0
S07,47,31.02,50.01,1.99,10.0,465199.87,751068.67,5.0,35.75,54.63,2392,25.63,25.45,0.2961,95.92,CRITICAL,0
S07,48,31.47,50.22,2.03,10.0,465203.55,751057.58,5.0,36.47,56.99,2500,25.27,26.38,0.7201,100.0,CRITICAL,0
S07,49,30.76,49.36,1.96,10.0,465200.32,751068.61,5.0,37.22,59.41,2500,26.09,25.23,0.7519,100.0,CRITICAL,0
S07,50,31.05,50.66,1.93,10.0,465199.91,751066.68,5.0,38.19,62.03,2500,24.65,24.5,0.9639,100.0,CRITICAL,0
S07,51,31.04,49.49,2.08,10.0,465200.95,751055.19,5.0,38.74,64.25,2500,25.34,25.53,0.5532,100.0,CRITICAL,0
S07,52,31.2,50.64,2.03,10.0,465200.69,751060.66,5.0,39.51,66.72,2500,25.03,24.87,0.7682,100.0,CRITICAL,0
S07,53,31.07,50.23,2.04,10.0,465201.93,751056.19,5.0,40.65,69.55,2500,25.24,25.06,1.1364,100.0,CRITICAL,0
S07,54,30.99,49.84,2.01,10.0,465200.47,751067.01,5.0,41.88,72.47,2500,25.84,24.97,1.2351,100.0,CRITICAL,0
S07,55,31.04,48.81,2.02,10.0,465201.13,751059.83,5.0,43.16,75.44,2500,25.68,24.15,1.2791,100.0,CRITICAL,0
S07,56,30.97,49.25,1.89,10.0,465200.01,751058.37,5.0,44.06,78.0,2500,24.19,24.71,0.9042,100.0,CRITICAL,0
S07,57,31.06,50.62,2.03,10.0,465201.59,751060.31,5.0,45.14,80.71,2500,24.71,24.27,1.077,100.0,CRITICAL,0
S07,58,31.18,50.01,2.01,10.0,465201.25,751066.86,5.0,46.35,83.55,2500,24.24,24.62,1.2047,100.0,CRITICAL,0
S07,59,30.59,50.08,1.94,10.0,465200.1,751063.25,5.0,47.91,86.72,2500,24.68,24.36,1.5664,100.0,CRITICAL,0
S07,60,30.63,49.88,2.11,10.0,465203.22,751062.46,5.0,49.45,89.86,2500,25.62,25.16,1.5322,100.0,CRITICAL,0
S07,61,31.3,49.72,2.05,10.0,465201.16,751062.67,5.0,50.58,92.55,2500,24.9,25.63,1.1335,100.0,CRITICAL,0
S07,62,30.97,49.6,2.08,10.0,465201.8,751063.95,5.0,52.11,95.64,2500,25.26,24.81,1.5287,100.0,CRITICAL,0
S07,63,30.95,49.91,1.98,10.0,465200.75,751061.99,5.0,53.25,98.32,2500,24.78,25.38,1.1456,100.0,CRITICAL,0
S07,64,30.67,50.05,1.98,10.0,465201.63,751057.87,5.0,,,2500,25.25,25.19,1.3646,100.0,CRITICAL,0
S07,65,31.11,50.2,1.98,10.0,465200.74,751053.36,5.0,55.92,103.96,2500,25.53,24.76,1.301,100.0,CRITICAL,0
S07,66,30.88,50.13,2.01,10.0,465199.72,751059.85,5.0,57.34,106.86,2500,25.03,25.32,1.4216,100.0,CRITICAL,0
S07,67,31.33,50.06,1.85,10.0,465200.6,751061.03,5.0,58.9,109.83,2500,24.77,24.68,1.5551,100.0,CRITICAL,0
S07,68,31.1,50.09,1.96,10.0,465201.22,751063.69,5.0,60.18,112.52,2500,25.41,25.41,1.2868,100.0,CRITICAL,0
S07,69,30.73,49.91,2.15,10.0,465200.82,751065.52,5.0,61.45,115.16,2500,24.81,25.1,1.2708,100.0,CRITICAL,0
S07,70,30.86,49.89,2.02,10.0,465201.08,751055.98,5.0,63.11,118.17,2500,24.34,24.15,1.653,100.0,CRITICAL,0
S07,71,30.77,49.66,2.09,10.0,465203.48,751063.23,5.0,64.61,120.99,2500,24.18,25.0,1.5054,100.0,CRITICAL,0
S07,72,31.05,49.53,1.9,10.0,465199.77,751063.4,5.0,66.05,123.72,2500,23.89,24.51,1.4375,100.0,CRITICAL,0
S07,73,31.14,50.17,2.06,10.0,465202.45,751064.13,5.0,67.74,126.66,2500,25.41,24.55,1.6958,100.0,CRITICAL,0
S07,74,31.11,49.3,1.97,10.0,465199.93,751057.67,5.0,69.54,129.7,2500,25.29,25.24,1.7921,100.0,CRITICAL,0
S07,75,31.19,49.98,1.96,10.0,465199.17,751063.83,5.0,,,2500,24.99,26.2,1.5279,100.0,CRITICAL,0
S07,76,31.23,49.96,2.06,10.0,465200.56,751067.3,5.0,72.64,135.15,2500,23.87,25.01,1.5723,100.0,CRITICAL,0
S07,77,31.09,50.14,2.03,10.0,465202.54,751061.09,5.0,74.26,137.95,2500,24.84,24.48,1.6251,100.0,CRITICAL,0
S07,78,31.09,49.85,1.97,10.0,465199.74,751060.75,5.0,76.01,140.81,2500,25.04,25.05,1.7519,100.0,CRITICAL,0
S07,79,30.96,49.59,2.13,10.0,465200.92,751057.64,5.0,77.83,143.73,2500,25.64,25.17,1.8135,100.0,CRITICAL,0
S07,80,30.27,49.85,1.94,10.0,465200.38,751060.51,5.0,79.37,146.36,2500,24.84,25.35,1.5445,100.0,CRITICAL,0
S07,81,31.31,50.03,1.92,10.0,465200.29,751060.74,5.0,81.6,149.63,2500,24.15,24.8,2.2256,100.0,CRITICAL,0
S07,82,31.16,50.08,1.93,10.0,465200.66,751065.48,5.0,83.06,152.12,2500,26.19,24.94,1.4619,100.0,CRITICAL,0
S07,83,31.04,49.99,1.88,10.0,465200.09,751066.84,5.0,84.99,155.01,2500,25.21,25.54,1.9326,100.0,CRITICAL,0
S07,84,31.65,49.72,1.98,10.0,465199.48,751059.0,5.0,86.47,157.44,2500,24.94,25.35,1.4751,100.0,CRITICAL,0
S07,85,31.24,50.03,1.85,10.0,168635.16,272516.05,5.0,87.64,159.55,2500,24.9,24.83,1.1702,100.0,CRITICAL,1
S07,86,31.1,50.53,1.97,10.0,94499.82,152872.78,5.0,88.92,161.72,2500,25.48,24.92,1.2807,100.0,CRITICAL,1
S07,87,31.26,50.51,1.86,10.0,75960.85,122969.63,5.0,90.83,164.53,2500,24.9,24.53,1.9108,100.0,CRITICAL,1
S07,88,30.86,49.81,2.03,10.0,71327.16,115488.99,5.0,92.68,167.24,2500,24.52,25.42,1.8516,100.0,CRITICAL,1
S07,89,31.07,51.03,2.11,10.0,70168.15,113617.37,5.0,94.34,169.73,2500,25.12,24.94,1.6639,100.0,CRITICAL,1
S07,90,31.29,50.73,2.13,10.0,69875.78,113159.01,5.0,95.98,172.18,2500,24.16,25.37,1.6314,100.0,CRITICAL,1
S07,91,31.53,49.29,2.02,10.0,69805.28,113038.82,5.0,97.74,174.72,2500,25.2,25.06,1.7604,100.0,CRITICAL,1
S07,92,31.2,50.76,1.98,10.0,69788.59,113005.41,5.0,99.13,176.87,2500,24.78,25.56,1.397,100.0,CRITICAL,1
S07,93,31.13,50.53,2.04,10.0,69785.88,112994.55,5.0,100.69,179.17,2500,25.15,25.62,1.5531,100.0,CRITICAL,1
S07,94,30.85,50.38,1.98,10.0,69781.85,113003.85,5.0,102.08,181.28,2500,25.41,25.1,1.394,100.0,CRITICAL,1
S07,95,31.03,50.31,1.93,10.0,69782.11,112995.57,5.0,103.52,183.41,2500,25.01,25.03,1.4417,100.0,CRITICAL,1
S07,96,30.94,50.64,1.83,10.0,69782.79,112994.96,5.0,105.15,185.72,2500,24.97,25.54,1.6282,100.0,CRITICAL,1
S07,97,31.4,49.86,1.92,10.0,69781.49,112996.04,5.0,,,2500,25.53,24.16,1.6374,100.0,CRITICAL,1
S07,98,30.54,49.28,1.96,10.0,69781.49,112997.53,5.0,108.21,190.11,2500,24.04,25.83,1.4262,100.0,CRITICAL,1
S07,99,30.93,49.55,2.04,10.0,69782.88,112998.08,5.0,109.42,191.95,2500,24.97,25.96,1.2101,100.0,CRITICAL,1
S07,100,31.15,49.24,2.0,10.0,69783.09,112996.74,5.0,110.56,193.69,2500,24.64,24.59,1.14,100.0,CRITICAL,1
S07,101,30.78,50.25,2.01,10.0,69781.14,113001.47,5.0,112.0,195.71,2500,25.15,25.5,1.4381,100.0,CRITICAL,1
S07,102,30.97,50.85,1.89,10.0,69781.64,113000.12,5.0,113.39,197.66,2500,25.3,26.05,1.3852,100.0,CRITICAL,1
S07,103,31.38,50.22,2.03,10.0,69783.45,113008.09,5.0,114.97,199.77,2500,25.67,24.9,1.584,100.0,CRITICAL,1
S07,104,30.78,50.72,2.08,10.0,69780.38,112998.15,5.0,116.49,201.83,2500,24.36,24.96,1.5182,100.0,CRITICAL,1
S07,105,30.61,50.1,1.95,10.0,69780.29,112999.13,5.0,118.05,203.91,2500,25.05,24.67,1.5653,100.0,CRITICAL,1
S07,106,31.22,50.09,2.06,10.0,69780.56,113004.09,5.0,119.3,205.67,2500,25.42,24.79,1.2451,100.0,CRITICAL,1
S07,107,30.96,50.38,2.08,10.0,69782.43,112992.51,5.0,120.75,207.6,2500,24.31,25.72,1.4509,100.0,CRITICAL,1
S07,108,31.23,49.55,1.97,10.0,,113004.21,5.0,121.86,209.18,2500,24.23,24.82,1.1104,100.0,CRITICAL,1
S07,109,30.89,49.99,2.07,10.0,69781.08,112997.03,5.0,123.4,211.18,2500,24.27,25.59,1.5357,100.0,CRITICAL,1
S07,110,31.03,49.09,2.05,10.0,69783.38,112997.47,5.0,124.73,212.97,2500,24.89,24.84,1.3376,100.0,CRITICAL,1
S07,111,30.67,50.48,1.97,10.0,,112997.64,5.0,126.7,215.38,2500,25.36,23.67,1.9612,100.0,CRITICAL,1
S07,112,31.28,50.11,2.03,10.0,69780.77,113004.37,5.0,127.87,216.97,2500,24.99,25.17,1.1724,100.0,CRITICAL,1
S07,113,31.36,50.44,1.85,10.0,69782.83,113000.63,5.0,129.19,218.71,2500,24.22,24.97,1.3251,100.0,CRITICAL,1
S07,114,30.67,49.84,2.01,10.0,69783.33,112998.64,5.0,130.69,220.6,2500,25.14,24.76,1.5005,100.0,CRITICAL,1
S07,115,31.11,49.8,1.98,10.0,69780.4,112996.61,5.0,132.12,222.42,2500,24.53,25.45,1.4261,100.0,CRITICAL,1
S07,116,31.19,49.62,2.02,10.0,69781.87,112999.35,5.0,132.96,223.63,2500,24.77,25.85,0.8365,100.0,CRITICAL,1
S07,117,31.07,49.89,2.01,10.0,69781.88,113002.67,5.0,134.06,225.09,2500,25.13,26.15,1.1051,100.0,CRITICAL,1
S07,118,31.02,49.27,1.98,10.0,,113000.69,5.0,135.32,226.7,2500,24.82,25.23,1.2558,100.0,CRITICAL,1
S07,119,30.87,50.59,1.93,10.0,69783.91,112998.36,5.0,136.66,228.37,2500,24.83,24.86,1.3385,100.0,CRITICAL,1
S07,120,31.01,49.79,1.85,10.0,69780.71,113004.25,5.0,138.06,230.1,2500,24.24,26.07,1.4,100.0,CRITICAL,1
S08,0,29.02,57.65,4.04,14.0,5.62,404.54,20.9,29.45,29.45,0,,,0.0,0.85,NORMAL,0
S08,1,29.21,57.5,4.03,14.0,7.84,412.8,20.87,29.58,29.58,0,,,0.1366,3.94,NORMAL,0
S08,2,28.78,57.9,3.9,14.0,8.37,407.3,20.83,29.75,29.75,0,,,0.165,5.07,NORMAL,0
S08,3,29.1,57.93,3.97,14.0,7.66,404.11,20.85,29.92,29.92,0,,,0.1678,4.84,NORMAL,0
S08,4,29.1,57.36,4.0,14.0,6.2,411.6,20.87,29.75,29.75,0,,,-0.1661,4.72,NORMAL,0
S08,5,29.23,57.5,3.97,14.0,6.59,407.8,20.82,29.95,29.95,0,,,0.1998,5.46,NORMAL,0
S08,6,29.33,57.6,4.06,14.0,5.71,403.74,20.92,29.99,29.99,0,,,0.0382,1.94,NORMAL,0
S08,7,28.9,57.05,3.88,14.0,6.21,412.48,20.82,29.9,29.9,0,,,-0.0873,3.63,NORMAL,0
S08,8,28.58,57.32,3.98,14.0,8.47,416.76,20.84,29.74,29.74,0,,,-0.1628,5.62,NORMAL,0
S08,9,28.33,57.86,4.14,14.0,4.18,411.64,20.75,30.04,30.04,0,,,0.3036,8.7,NORMAL,0
S08,10,28.8,57.16,4.07,14.0,,409.39,20.81,29.72,29.72,0,,,-0.327,8.49,NORMAL,0
S08,11,29.0,57.61,3.92,14.0,6.73,407.91,20.74,30.04,30.04,0,,,0.3254,8.71,NORMAL,0
S08,12,28.95,57.35,3.95,14.0,8.07,416.04,20.82,29.93,29.93,0,,,-0.1126,4.72,NORMAL,0
S08,13,28.82,56.44,3.88,14.0,7.76,413.41,20.77,29.92,29.92,0,,,-0.0048,2.69,NORMAL,0
S08,14,28.67,57.18,4.06,14.0,7.82,410.72,20.75,29.73,29.73,0,,,-0.1901,6.42,NORMAL,0
S08,15,28.75,56.56,3.95,14.0,7.47,417.05,20.81,29.74,29.74,0,,,0.0073,2.85,NORMAL,0
S08,16,28.55,57.44,4.13,14.0,7.83,418.03,20.89,29.61,29.61,0,,,-0.1305,5.43,NORMAL,0
S08,17,28.31,57.21,3.95,14.0,7.86,408.21,20.95,29.66,29.66,0,,,0.0485,3.89,NORMAL,0
S08,18,28.4,56.39,3.9,14.0,7.86,415.65,20.81,29.84,29.84,0,,,0.1803,6.99,NORMAL,0
S08,19,28.53,56.57,3.83,14.0,9.38,409.25,20.85,29.92,29.92,0,,,0.0768,4.84,NORMAL,0
S08,20,28.12,57.03,3.93,14.0,6.28,401.5,20.95,29.77,29.77,0,,,-0.1444,6.07,NORMAL,0
S08,21,28.64,57.88,3.94,14.0,7.69,403.42,20.85,29.62,29.64,0,,,-0.1476,5.73,NORMAL,0
S08,22,28.44,57.08,3.82,14.0,8.32,408.18,20.88,30.4,30.47,0,,,0.7776,13.98,NORMAL,0
S08,23,28.5,57.3,3.77,14.0,5.55,414.36,20.83,29.95,30.03,0,,,-0.4546,12.67,NORMAL,0
S08,24,28.27,57.19,3.71,14.0,9.55,405.66,20.88,29.85,29.97,0,,,-0.1011,5.91,NORMAL,0
S08,25,28.51,56.98,3.83,14.0,9.2,412.47,20.73,29.73,29.89,0,,,-0.1207,6.33,NORMAL,0
S08,26,28.3,57.66,3.9,14.0,,410.24,20.9,29.97,30.18,0,,,0.2497,9.3,NORMAL,0
S08,27,27.8,57.67,3.73,14.0,9.15,416.47,20.9,30.15,30.39,0,,,0.1727,8.71,NORMAL,0
S08,28,27.64,56.69,3.8,14.0,9.83,408.17,20.75,30.1,30.35,0,,,-0.0491,6.43,NORMAL,0
S08,29,27.81,56.43,3.69,14.0,8.77,413.75,20.87,29.89,30.2,0,,,-0.2077,9.3,NORMAL,0
S08,30,27.6,56.85,3.69,14.0,5.52,416.04,20.75,29.95,30.33,0,,,0.0604,6.69,NORMAL,0
S08,31,28.37,57.12,3.67,14.0,8.99,402.96,20.8,29.7,30.12,0,,,-0.254,9.59,NORMAL,0
S08,32,28.23,58.13,3.55,14.0,8.88,418.59,20.68,29.71,30.18,0,,,0.015,5.59,NORMAL,0
S08,33,27.88,57.81,3.51,14.0,6.56,418.69,20.77,29.42,29.95,0,,,-0.2919,11.07,NORMAL,0
S08,34,28.1,57.31,3.68,14.0,7.01,408.5,20.77,29.53,30.09,0,,,0.11,7.23,NORMAL,0
S08,35,28.27,57.69,3.6,14.0,9.95,409.34,20.77,29.54,30.17,0,,,0.0114,5.54,NORMAL,0
S08,36,28.19,56.47,3.63,14.0,6.01,414.19,20.78,29.15,29.83,0,,,-0.389,12.76,NORMAL,0
S08,37,28.22,57.42,3.65,14.0,10.47,417.12,20.83,29.26,30.0,0,,,0.1104,7.77,NORMAL,0
S08,38,28.04,57.57,3.54,14.0,7.86,416.58,20.78,29.19,29.97,0,,,-0.0759,7.16,NORMAL,0
S08,39,27.77,57.11,3.61,14.0,9.48,413.78,20.8,29.28,30.1,0,,,0.0888,7.94,NORMAL,0
S08,40,27.37,57.49,3.55,14.0,10.68,417.9,20.8,29.2,30.09,0,,,-0.0758,8.34,NORMAL,0
S08,41,28.27,58.47,3.47,14.0,11.07,412.57,20.71,29.28,30.22,0,,,0.0778,7.65,NORMAL,0
S08,42,27.62,57.33,3.5,14.0,8.78,408.23,20.86,29.28,30.27,0,,,0.0045,6.59,NORMAL,0
S08,43,27.5,58.23,3.52,14.0,10.07,414.02,20.93,29.51,30.55,0,,,0.2295,11.82,NORMAL,0
S08,44,27.66,57.51,3.36,14.0,10.49,416.2,20.74,29.41,30.5,0,,,-0.0999,9.42,NORMAL,0
S08,45,28.17,58.05,3.39,14.0,8.79,414.49,20.79,29.34,30.48,0,,,-0.0744,8.28,NORMAL,0
S08,46,27.28,58.33,3.31,14.0,9.42,417.53,20.74,29.53,30.73,0,,,0.1907,12.04,NORMAL,0
S08,47,27.41,58.27,3.36,14.0,9.48,415.93,20.7,29.23,30.49,16,24.58,23.35,-0.3027,14.29,NORMAL,0
S08,48,27.02,58.59,3.24,14.0,11.59,418.02,20.82,29.18,30.49,17,25.44,24.15,-0.0494,9.84,NORMAL,0
S08,49,27.34,58.99,3.4,14.0,9.8,414.52,20.82,28.85,30.22,18,24.53,24.42,-0.3223,14.59,NORMAL,0
S08,50,27.04,58.76,3.24,14.0,10.16,420.92,20.9,28.98,30.39,19,25.82,25.6,0.1237,11.33,NORMAL,0
S08,51,27.1,58.4,3.23,14.0,8.78,421.93,20.76,29.25,30.74,20,24.42,23.79,0.2684,14.69,NORMAL,0
S08,52,27.37,60.02,3.18,14.0,9.45,415.98,20.79,29.01,30.56,21,24.42,24.4,-0.2404,13.69,NORMAL,0
S08,53,26.89,58.67,3.26,14.0,13.34,423.59,20.71,29.36,30.97,22,25.35,23.94,0.3492,17.44,NORMAL,0
S08,54,27.23,59.07,3.26,14.0,10.28,427.95,20.68,29.6,31.26,23,25.19,23.64,0.2433,15.33,NORMAL,0
S08,55,27.14,59.16,3.17,14.0,11.45,408.96,20.81,29.6,31.32,24,24.13,24.42,0.0045,10.4,NORMAL,0
S08,56,27.12,58.8,3.1,14.0,10.92,416.51,20.65,29.85,31.63,25,24.76,23.85,0.2518,16.19,NORMAL,0
S08,57,27.29,59.69,3.05,14.0,11.34,414.45,20.78,29.88,31.73,27,25.34,24.31,0.0271,11.69,NORMAL,0
S08,58,27.33,59.21,3.2,14.0,11.91,417.32,20.8,29.88,31.79,28,25.13,24.95,0.0025,11.5,NORMAL,0
S08,59,27.21,59.16,3.15,14.0,11.84,419.59,20.76,29.61,31.58,29,25.43,24.11,-0.279,17.26,NORMAL,0
S08,60,27.31,59.88,3.22,14.0,11.27,419.5,20.77,29.65,31.71,31,24.66,24.26,0.0462,12.81,NORMAL,0
S08,61,27.11,59.99,2.94,14.0,14.43,420.37,20.73,29.59,31.73,32,24.2,24.1,-0.065,13.84,NORMAL,0
S08,62,27.04,60.69,2.97,14.0,12.89,430.48,20.64,29.56,31.77,34,24.75,24.23,-0.0276,13.66,NORMAL,0
S08,63,27.38,59.65,2.86,14.0,14.81,426.55,20.68,29.9,32.19,35,25.36,24.31,0.3453,20.27,LOW,0
S08,64,27.1,60.62,3.03,14.0,14.48,423.97,20.76,30.15,32.51,37,25.23,23.77,0.2487,19.04,NORMAL,0
S08,65,27.0,60.66,3.03,14.0,14.72,428.84,20.68,30.48,32.93,39,25.19,24.07,0.3231,21.57,LOW,0
S08,66,26.98,60.39,3.03,14.0,16.65,428.26,20.74,30.53,33.05,40,25.42,23.88,0.0518,16.67,NORMAL,0
S08,67,26.99,60.9,2.97,14.0,15.27,436.7,20.65,30.5,33.1,42,25.39,23.89,-0.0264,16.67,NORMAL,0
S08,68,27.18,61.04,2.95,14.0,17.81,418.8,20.75,30.61,33.32,45,25.59,23.97,0.1066,18.27,NORMAL,0
S08,69,26.83,61.05,3.0,14.0,18.85,427.5,20.64,30.59,33.39,47,25.31,24.59,-0.0227,17.71,NORMAL,0
S08,70,26.64,61.42,2.91,14.0,19.63,429.62,20.61,30.48,33.35,49,25.66,23.77,-0.1089,20.08,LOW,0
S08,71,26.92,61.36,3.02,14.0,18.49,430.84,20.67,30.63,33.62,51,24.44,23.82,0.1576,21.33,LOW,0
S08,72,26.37,61.51,3.11,14.0,21.42,441.08,20.55,30.27,33.36,54,25.89,24.3,-0.3629,26.71,LOW,0
S08,73,26.74,61.94,3.0,14.0,22.86,442.95,20.66,30.43,33.65,57,25.9,24.11,0.1614,23.19,LOW,0
S08,74,26.91,61.83,2.9,14.0,24.8,442.03,20.67,30.4,33.71,60,24.51,24.71,-0.0373,21.22,LOW,0
S08,75,27.09,61.41,2.83,14.0,27.7,441.9,20.62,30.33,33.76,63,25.16,23.88,-0.0664,22.48,LOW,0
S08,76,26.49,62.1,3.09,14.0,31.65,456.27,20.6,30.85,34.38,67,25.01,24.51,0.5169,33.68,LOW,0
S08,77,26.46,61.97,3.07,14.0,33.84,451.71,20.58,30.91,34.56,71,25.3,23.05,0.0627,25.94,LOW,0
S08,78,26.26,61.31,3.03,14.0,39.45,472.68,20.54,31.07,34.84,75,25.52,23.91,0.1587,30.17,LOW,0
S08,79,26.58,61.47,3.11,14.0,43.71,478.18,20.46,31.21,35.14,80,24.6,24.71,0.1441,31.44,LOW,0
S08,80,26.56,61.2,3.15,14.0,54.39,494.9,20.37,31.62,35.67,86,25.4,24.75,0.4056,39.86,LOW,0
S08,81,26.76,62.11,3.18,14.0,70.35,528.83,20.28,31.64,35.84,93,25.63,24.0,0.0182,36.01,LOW,0
S08,82,26.76,61.67,3.18,14.0,96.16,576.88,19.97,31.77,36.14,103,25.21,24.2,0.1304,43.98,MEDIUM,0
S08,83,26.58,62.19,3.24,14.0,171.41,709.87,19.42,32.15,36.74,118,25.11,24.89,0.3876,60.02,HIGH,0
S08,84,26.77,62.69,3.2,14.0,488.7,1235.27,17.62,32.66,37.5,153,24.52,23.78,0.5098,70.61,HIGH,0
S08,85,26.31,61.96,3.17,14.0,15669.28,25693.7,5.0,32.58,37.82,664,24.48,23.94,-0.0862,86.53,CRITICAL,0
S08,86,26.7,62.55,3.31,14.0,217132.55,350778.47,5.0,32.62,38.48,741,25.27,24.23,0.0449,86.93,CRITICAL,0
S08,87,26.05,63.64,3.24,14.0,267500.77,432053.84,5.0,33.02,39.63,837,24.5,23.81,0.3974,96.53,CRITICAL,0
S08,88,26.3,62.45,3.2,14.0,280093.0,452365.09,5.0,32.93,40.43,950,24.82,23.69,-0.0879,90.89,CRITICAL,0
S08,89,26.38,63.29,3.19,14.0,283241.27,457442.93,5.0,33.15,41.68,1081,24.47,23.62,0.2182,94.36,CRITICAL,0
S08,90,26.53,62.48,3.27,14.0,284028.01,458715.34,5.0,33.46,43.11,1222,24.89,23.95,0.314,96.28,CRITICAL,0
S08,91,26.65,61.91,3.39,14.0,284224.11,459033.33,5.0,33.82,44.68,1376,25.29,23.74,0.354,97.08,CRITICAL,0
S08,92,26.44,62.5,3.38,14.0,284271.45,459113.21,5.0,34.29,46.43,1538,26.15,25.01,0.4701,99.4,CRITICAL,0
S08,93,26.36,63.31,3.28,14.0,284287.47,459127.49,5.0,34.63,48.12,1709,24.68,24.06,0.3389,96.78,CRITICAL,0
S08,94,26.54,62.93,3.46,14.0,284288.66,459137.49,5.0,35.05,49.98,1892,24.93,23.44,0.4237,98.47,CRITICAL,0
S08,95,26.73,62.19,3.5,14.0,284289.18,459139.7,5.0,35.61,52.02,2079,24.93,24.21,0.557,100.0,CRITICAL,0
S08,96,26.45,63.2,3.52,14.0,284291.83,459138.41,5.0,36.39,54.34,2274,24.6,23.68,0.7835,100.0,CRITICAL,0
S08,97,26.67,62.61,3.41,14.0,284290.14,459131.9,5.0,37.01,56.53,2472,24.94,24.31,0.6228,100.0,CRITICAL,0
S08,98,26.31,62.71,3.41,14.0,284291.54,459137.13,5.0,37.17,58.3,2500,25.59,24.06,0.1525,93.05,CRITICAL,0
S08,99,26.77,63.27,3.41,14.0,284291.19,459142.08,5.0,37.76,60.49,2500,26.24,23.9,0.5901,100.0,CRITICAL,0
S08,100,26.27,63.45,3.53,14.0,284290.28,459137.69,5.0,38.38,62.75,2500,26.09,23.23,0.6196,100.0,CRITICAL,0
S08,101,26.09,62.62,3.62,14.0,284291.44,459144.8,5.0,39.16,65.18,2500,24.58,23.38,0.7854,100.0,CRITICAL,0
S08,102,26.63,62.45,3.59,14.0,284290.86,459139.36,5.0,39.75,67.42,2500,25.28,23.44,0.5883,100.0,CRITICAL,0
S08,103,25.72,62.98,3.57,14.0,284290.58,459133.66,5.0,40.72,70.06,2500,24.95,24.81,0.9659,100.0,CRITICAL,0
S08,104,26.86,62.54,3.58,14.0,284290.79,459136.28,5.0,41.43,72.46,2500,24.78,23.88,0.7197,100.0,CRITICAL,0
S08,105,26.56,62.64,3.68,14.0,284288.05,459141.87,5.0,42.2,74.89,2500,25.24,25.0,0.7616,100.0,CRITICAL,0
S08,106,26.45,63.23,3.59,14.0,284289.43,459133.62,5.0,43.06,77.41,2500,24.88,23.95,0.8642,100.0,CRITICAL,0
S08,107,26.5,62.34,3.78,14.0,284288.55,459137.18,5.0,44.51,80.49,2500,23.6,23.79,1.4529,100.0,CRITICAL,0
S08,108,26.7,63.11,3.65,14.0,284289.5,459135.59,5.0,45.8,83.44,2500,25.39,24.2,1.2852,100.0,CRITICAL,0
S08,109,26.59,62.29,3.71,14.0,284288.84,459138.63,5.0,47.19,86.44,2500,25.56,23.13,1.3951,100.0,CRITICAL,0
S08,110,26.64,62.93,3.83,14.0,284291.54,459141.26,5.0,48.33,89.21,2500,24.72,22.86,1.1357,100.0,CRITICAL,0
S08,111,26.41,63.11,3.88,14.0,284291.0,459139.03,5.0,49.83,92.3,2500,24.56,25.06,1.5023,100.0,CRITICAL,0
S08,112,26.76,62.47,3.87,14.0,284291.39,459143.39,5.0,51.32,95.36,2500,24.6,24.91,1.4843,100.0,CRITICAL,0
S08,113,26.67,62.05,4.04,14.0,284289.19,459142.48,5.0,52.57,98.14,2500,24.03,23.23,1.2508,100.0,CRITICAL,0
S08,114,26.64,62.78,3.73,14.0,284290.16,459140.27,5.0,54.04,101.16,2500,25.18,23.84,1.4737,100.0,CRITICAL,0
S08,115,27.04,62.73,3.85,14.0,284288.9,459134.44,5.0,55.09,103.71,2500,24.88,23.75,1.0484,100.0,CRITICAL,0
S08,116,26.84,62.21,3.99,14.0,284291.53,459140.12,5.0,56.74,106.83,2500,24.61,23.81,1.6516,100.0,CRITICAL,0
S08,117,26.66,63.03,4.03,14.0,284288.53,459143.19,5.0,57.96,109.49,2500,25.34,24.39,1.2153,100.0,CRITICAL,0
S08,118,26.85,62.25,3.93,14.0,284288.73,459128.6,5.0,59.15,112.09,2500,25.22,24.26,1.1918,100.0,CRITICAL,0
S08,119,26.77,61.63,3.9,14.0,284288.75,459132.85,5.0,60.92,115.25,2500,24.83,24.48,1.7744,100.0,CRITICAL,0
S08,120,26.78,62.36,3.95,14.0,284288.18,459142.86,5.0,62.38,118.09,2500,24.08,24.06,1.4618,100.0,CRITICAL,0
